STUDENTS.ID,STU.TYPES,STU.TYPE.DATES,STU.TYPE.END.DATES,EffectiveDatetime,CurrentFlag
5012454,NULL,2012-05-09,9999-12-31,2020-02-13T18:54:12Z,Y
5019548,NULL,2012-05-01,9999-12-31,2022-03-02T04:24:39Z,Y
5012454,CCPP,2011-10-25,2012-05-09,2020-02-13T18:54:12Z,Y
5035886,NULL,2012-06-01,9999-12-31,2021-11-19T04:24:40Z,Y
5080718,EMPD,2018-05-19,9999-12-31,2020-02-13T18:54:07Z,Y
5047773,CCPP,2014-04-30,2015-05-15,2020-02-13T18:54:01Z,Y
5035886,HUSK,2010-08-16,2012-06-01,2021-11-19T04:24:40Z,Y
5048776,NULL,2014-08-12,9999-12-31,2021-12-18T04:24:42Z,Y
5043589,NULL,2012-05-01,9999-12-31,2021-12-16T04:24:38Z,Y
5048776,HUSK,2010-08-16,2014-08-12,2021-12-18T04:24:42Z,Y
5017757,NULL,2013-05-01,9999-12-31,2020-02-13T18:54:21Z,Y
5066965,EMPD,2018-05-03,9999-12-31,2021-11-19T04:24:38Z,Y
5048029,NULL,2014-05-01,9999-12-31,2022-03-30T03:24:39Z,Y
5087313,NULL,2012-05-01,9999-12-31,2020-02-13T18:54:16Z,Y
5066965,NULL,2017-09-01,2018-05-03,2021-11-19T04:24:38Z,Y
5017757,CCPP,2012-01-09,2013-05-01,2020-02-13T18:54:21Z,Y
5048029,CCPP,2013-11-21,2014-05-01,2022-03-30T03:24:39Z,Y
5091104,NULL,2016-10-15,9999-12-31,2020-02-13T18:54:20Z,Y
5091104,EMPD,2016-08-08,2016-10-15,2020-02-13T18:54:20Z,Y
5060828,NULL,2020-12-31,9999-12-31,2021-06-23T03:24:36Z,Y
5080576,CCPP,2016-06-17,2017-06-01,2020-02-13T18:54:09Z,Y
5060828,ISQV,2020-01-13,2020-12-31,2021-06-23T03:24:36Z,Y
5043589,HUSK,2006-01-24,2012-05-01,2021-12-16T04:24:38Z,Y
5010193,NULL,2013-05-01,9999-12-31,2021-08-18T03:24:41Z,Y
5034551,MILD,2018-08-14,9999-12-31,2020-02-13T18:54:06Z,Y
5097675,NULL,2017-05-15,9999-12-31,2021-05-08T03:24:40Z,Y
5097675,CCPP,2015-03-25,2017-05-15,2021-05-08T03:24:40Z,Y
5078847,NULL,2015-05-15,9999-12-31,2020-07-29T03:25:42Z,Y
5010193,CCPP,2012-08-07,2013-05-01,2021-08-18T03:24:41Z,Y
5060447,NULL,2014-05-01,9999-12-31,2020-05-27T03:25:50Z,Y
5037035,NULL,2017-06-01,9999-12-31,2021-12-17T04:24:40Z,Y
5078847,CCPP,2014-04-16,2015-05-15,2020-07-29T03:25:42Z,Y
5028696,EMPD,2018-08-14,9999-12-31,2020-02-13T18:54:14Z,Y
5060447,CCPP,2014-01-06,2014-05-01,2020-05-27T03:25:50Z,Y
5047773,NULL,2015-05-15,9999-12-31,2020-02-13T18:54:01Z,Y
5032189,NULL,2022-01-07,9999-12-31,2021-01-08T04:24:42Z,Y
5032189,MILD,2021-01-07,2022-01-07,2021-01-08T04:24:42Z,Y
5037035,CCPP,2016-05-06,2017-06-01,2021-12-17T04:24:40Z,Y
5019762,NULL,2017-05-15,9999-12-31,2022-03-22T03:24:40Z,Y
5061884,NULL,2012-05-01,9999-12-31,2021-09-28T03:24:39Z,Y
5095383,EMPD,2018-08-14,9999-12-31,2020-02-13T18:54:07Z,Y
5063008,NULL,2016-05-15,9999-12-31,2020-02-13T18:54:25Z,Y
5019762,CCPP,2015-03-26,2017-05-15,2022-03-22T03:24:40Z,Y
5067460,CCPP,2013-04-01,2014-05-01,2020-07-29T03:25:16Z,Y
5087736,NULL,2018-08-01,9999-12-31,2021-08-17T03:24:40Z,Y
5064168,NULL,2014-05-01,9999-12-31,2020-07-30T03:25:24Z,Y
5064168,CCPP,2013-08-05,2014-05-01,2020-07-30T03:25:24Z,Y
5075430,NULL,2016-05-15,9999-12-31,2020-05-15T03:25:21Z,Y
5029245,NULL,2022-06-30,9999-12-31,2021-08-25T03:24:36Z,Y
5067460,NULL,2014-05-01,9999-12-31,2020-07-29T03:25:16Z,Y
5072448,NULL,2012-05-01,9999-12-31,2021-12-04T04:24:38Z,Y
5029245,ISQV,2021-01-05,2022-06-30,2021-08-25T03:24:36Z,Y
5065375,NULL,2022-06-30,9999-12-31,2021-09-09T03:24:41Z,Y
5054953,NULL,2016-05-15,9999-12-31,2020-02-13T18:54:25Z,Y
5087313,HUSK,2007-08-15,2012-05-01,2020-02-13T18:54:16Z,Y
5065375,ISQV,2020-01-12,2022-06-30,2021-09-09T03:24:41Z,Y
5075430,CCPP,2015-06-25,2016-05-15,2020-05-15T03:25:21Z,Y
5061884,HUSK,2009-01-05,2012-05-01,2021-09-28T03:24:39Z,Y
5064427,EMPD,2019-05-19,9999-12-31,2020-02-13T18:54:25Z,Y
5054953,CCPP,2015-06-25,2016-05-15,2020-02-13T18:54:25Z,Y
5054523,EMPD,2018-08-14,9999-12-31,2020-02-13T18:54:10Z,Y
5062271,NULL,2012-05-01,9999-12-31,2020-02-13T18:54:02Z,Y
5018240,NULL,2017-07-01,9999-12-31,2020-05-05T03:25:17Z,Y
5018240,CCPP,2017-01-09,2017-07-01,2020-05-05T03:25:17Z,Y
5054582,NULL,2018-08-01,9999-12-31,2020-02-13T18:54:19Z,Y
5067472,NULL,2016-05-15,9999-12-31,2021-04-01T03:24:38Z,Y
5038377,LVOS,2019-08-19,9999-12-31,2021-07-13T03:24:40Z,Y
5038377,NULL,2017-07-31,2019-08-19,2021-07-13T03:24:40Z,Y
5067472,CCPP,2016-01-07,2016-05-15,2021-04-01T03:24:38Z,Y
5038377,CCPP,2015-03-25,2017-07-31,2021-07-13T03:24:40Z,Y
5052619,NULL,2021-12-20,9999-12-31,2021-08-24T03:24:39Z,Y
5052619,EMPD,2021-08-15,2021-12-20,2021-08-24T03:24:39Z,Y
5053395,NULL,2020-01-13,9999-12-31,2020-08-11T03:25:27Z,Y
5081931,NULL,2022-08-04,9999-12-31,2021-10-26T03:24:41Z,Y
5081931,CCPP,2021-09-21,2022-08-04,2021-10-26T03:24:41Z,Y
5053395,LVOS,2019-08-19,2020-01-13,2020-08-11T03:25:27Z,Y
5016114,NULL,2020-05-20,9999-12-31,2020-03-16T22:59:24Z,Y
5016114,CCPP,2019-05-14,2020-05-20,2020-03-16T22:59:24Z,Y
5050615,NULL,2021-12-31,9999-12-31,2021-10-14T03:24:40Z,Y
5064684,CCPP,2015-03-26,2016-05-15,2020-02-13T18:54:19Z,Y
5054582,EMPD,2018-05-16,2018-08-01,2020-02-13T18:54:19Z,Y
5050615,EMPD,2021-08-15,2021-12-31,2021-10-14T03:24:40Z,Y
5072448,CCPP,2012-01-09,2012-05-01,2021-12-04T04:24:38Z,Y
5019109,NULL,2018-08-01,9999-12-31,2020-02-13T18:54:23Z,Y
5064684,NULL,2016-05-15,9999-12-31,2020-02-13T18:54:19Z,Y
5092712,NULL,2012-05-01,9999-12-31,2020-08-13T03:25:20Z,Y
5063008,CCPP,2015-08-04,2016-05-15,2020-02-13T18:54:25Z,Y
5028651,NULL,2016-05-15,9999-12-31,2022-04-05T03:24:38Z,Y
5040314,EMPD,2019-08-15,9999-12-31,2020-02-13T18:54:04Z,Y
5028651,CCPP,2015-08-04,2016-05-15,2022-04-05T03:24:38Z,Y
5082908,CCPP,2016-03-30,2017-06-01,2020-02-13T18:54:04Z,Y
5078236,NULL,2012-05-01,9999-12-31,2020-09-05T03:25:31Z,Y
5019109,EMPD,2018-05-17,2018-08-01,2020-02-13T18:54:23Z,Y
5055567,NULL,2016-05-15,9999-12-31,2020-02-13T18:54:19Z,Y
5080576,NULL,2017-06-01,9999-12-31,2020-02-13T18:54:09Z,Y
5095060,NULL,2021-12-31,9999-12-31,2021-11-16T04:24:42Z,Y
5095060,EMPD,2021-08-15,2021-12-31,2021-11-16T04:24:42Z,Y
5008711,NULL,2012-05-01,9999-12-31,2022-03-25T03:24:40Z,Y
5055567,CCPP,2015-03-24,2016-05-15,2020-02-13T18:54:19Z,Y
5030034,NULL,2017-06-01,9999-12-31,2020-02-13T18:53:52Z,Y
5094537,NULL,2023-08-05,9999-12-31,2022-03-22T03:24:40Z,Y
5023288,NULL,2016-05-15,9999-12-31,2020-02-13T18:53:51Z,Y
5092712,HUSK,2007-08-15,2012-05-01,2020-08-13T03:25:20Z,Y
5062271,CCPP,2012-01-09,2012-05-01,2020-02-13T18:54:02Z,Y
5023288,CCPP,2015-08-17,2016-05-15,2020-02-13T18:53:51Z,Y
5094537,CCPP,2021-03-22,2023-08-05,2022-03-22T03:24:40Z,Y
5078236,HUSK,2009-08-17,2012-05-01,2020-09-05T03:25:31Z,Y
5030034,CCPP,2012-06-11,2017-06-01,2020-02-13T18:53:52Z,Y
5008711,HUSK,2008-08-18,2012-05-01,2022-03-25T03:24:40Z,Y
5082908,NULL,2017-06-01,9999-12-31,2020-02-13T18:54:04Z,Y
5009284,MILD,2019-08-18,9999-12-31,2020-02-13T18:53:54Z,Y
5001681,NULL,2017-06-01,9999-12-31,2020-10-30T03:25:50Z,Y
5015151,NULL,2018-08-01,9999-12-31,2020-07-30T03:25:26Z,Y
5018516,NULL,2017-06-01,9999-12-31,2020-02-13T18:53:50Z,Y
5018516,CCPP,2016-01-06,2017-06-01,2020-02-13T18:53:50Z,Y
5001681,CCPP,2013-05-16,2017-06-01,2020-10-30T03:25:50Z,Y
5015151,CCPP,2017-03-28,2018-08-01,2020-07-30T03:25:26Z,Y
5093429,NULL,2017-06-01,9999-12-31,2020-11-03T04:25:38Z,Y
5095732,NULL,2018-08-01,9999-12-31,2020-02-13T18:54:13Z,Y
5079734,NULL,2023-08-05,9999-12-31,2022-04-01T03:24:37Z,Y
5042318,NULL,2018-08-01,9999-12-31,2020-02-13T18:53:51Z,Y
5042318,EMPD,2018-05-16,2018-08-01,2020-02-13T18:53:51Z,Y
5095732,EMPD,2018-05-16,2018-08-01,2020-02-13T18:54:13Z,Y
5093429,CCPP,2016-05-05,2017-06-01,2020-11-03T04:25:38Z,Y
5087736,EMPD,2018-05-16,2018-08-01,2021-08-17T03:24:40Z,Y
5068908,NULL,2012-05-01,9999-12-31,2021-06-18T03:24:40Z,Y
5079734,CCPP,2021-05-03,2023-08-05,2022-04-01T03:24:37Z,Y
5068908,LEO,2010-08-02,2012-05-01,2021-06-18T03:24:40Z,Y
5046253,NULL,2018-08-01,9999-12-31,2020-12-15T04:24:38Z,Y
5024411,EMPD,2016-07-27,2018-07-01,2020-11-18T04:24:41Z,Y
5024411,NULL,2018-07-01,9999-12-31,2020-11-18T04:24:41Z,Y
5082904,NULL,2018-08-01,9999-12-31,2022-04-05T03:24:39Z,Y
5046253,EMPD,2018-05-16,2018-08-01,2020-12-15T04:24:38Z,Y
5069315,NULL,2023-08-05,9999-12-31,2022-03-22T03:24:40Z,Y
5098162,EMPD,2019-05-19,9999-12-31,2020-02-13T18:54:22Z,Y
5082904,EMPD,2018-05-16,2018-08-01,2022-04-05T03:24:39Z,Y
5037174,ISQV,2016-07-28,2019-07-28,2020-02-13T18:54:08Z,Y
5037174,NULL,2019-07-28,9999-12-31,2020-02-13T18:54:08Z,Y
5090053,NULL,2021-05-28,9999-12-31,2020-09-05T03:25:46Z,Y
5090053,ISQV,2020-05-29,2021-05-28,2020-09-05T03:25:46Z,Y
5045780,NULL,2019-08-15,9999-12-31,2020-02-13T18:53:52Z,Y
5069315,CCPP,2021-03-23,2023-08-05,2022-03-22T03:24:40Z,Y
5043342,NULL,2018-06-01,9999-12-31,2020-08-29T03:25:47Z,Y
5024404,NULL,2023-08-05,9999-12-31,2022-03-22T03:24:40Z,Y
5031562,NULL,2018-06-01,9999-12-31,2021-04-01T03:24:42Z,Y
5009348,NULL,2023-08-05,9999-12-31,2022-03-22T03:24:40Z,Y
5081955,NULL,2022-08-05,9999-12-31,2021-10-26T03:24:42Z,Y
5043342,CCPP,2016-04-21,2018-06-01,2020-08-29T03:25:47Z,Y
5031562,CCPP,2017-03-24,2018-06-01,2021-04-01T03:24:42Z,Y
5027968,NULL,2023-08-05,9999-12-31,2022-04-01T03:24:37Z,Y
5081955,CCPP,2017-06-20,2022-08-05,2021-10-26T03:24:42Z,Y
5099693,NULL,2018-06-01,9999-12-31,2022-01-18T04:24:43Z,Y
5076393,NULL,2019-08-15,9999-12-31,2021-01-22T04:24:39Z,Y
5013108,EMPD,2019-01-06,9999-12-31,2020-06-04T03:25:28Z,Y
5027968,CCPP,2021-03-23,2023-08-05,2022-04-01T03:24:37Z,Y
5099693,CCPP,2017-04-05,2018-06-01,2022-01-18T04:24:43Z,Y
5075796,NULL,2018-06-01,9999-12-31,2020-02-13T18:54:24Z,Y
5099121,NULL,2018-06-01,9999-12-31,2021-02-02T04:24:42Z,Y
5076393,CCPP,2018-06-26,2019-08-15,2021-01-22T04:24:39Z,Y
5075796,CCPP,2017-03-27,2018-06-01,2020-02-13T18:54:24Z,Y
5009348,CCPP,2021-03-25,2023-08-05,2022-03-22T03:24:40Z,Y
5050303,NULL,2022-08-05,9999-12-31,2021-10-26T03:24:38Z,Y
5089527,NULL,2022-08-05,9999-12-31,2021-07-15T03:24:41Z,Y
5045780,CCPP,2017-06-12,2019-08-15,2020-02-13T18:53:52Z,Y
5099121,CCPP,2017-03-27,2018-06-01,2021-02-02T04:24:42Z,Y
5023447,NULL,2023-08-05,9999-12-31,2022-03-22T03:24:40Z,Y
5030391,NULL,2019-08-15,9999-12-31,2020-11-03T04:25:45Z,Y
5024404,CCPP,2021-03-23,2023-08-05,2022-03-22T03:24:40Z,Y
5030391,CCPP,2018-08-14,2019-08-15,2020-11-03T04:25:45Z,Y
5076838,NULL,2023-08-05,9999-12-31,2022-03-22T03:24:40Z,Y
5023447,CCPP,2021-03-25,2023-08-05,2022-03-22T03:24:40Z,Y
5089527,CCPP,2017-08-08,2022-08-05,2021-07-15T03:24:41Z,Y
5034036,NULL,2019-08-15,9999-12-31,2020-02-13T18:54:07Z,Y
5076838,CCPP,2021-03-23,2023-08-05,2022-03-22T03:24:40Z,Y
5034036,CCPP,2018-05-08,2019-08-15,2020-02-13T18:54:07Z,Y
5095321,NULL,2019-08-15,9999-12-31,2020-02-13T18:54:09Z,Y
5095321,CCPP,2018-06-13,2019-08-15,2020-02-13T18:54:09Z,Y
5096621,NULL,2019-08-15,9999-12-31,2020-07-16T03:25:48Z,Y
5050303,CCPP,2018-06-27,2022-08-05,2021-10-26T03:24:38Z,Y
5083893,NULL,2019-08-15,9999-12-31,2020-02-13T18:54:24Z,Y
5092602,NULL,2023-08-05,9999-12-31,2022-04-01T03:24:37Z,Y
5045334,NULL,2019-08-15,9999-12-31,2020-02-13T18:54:24Z,Y
5023695,NULL,2018-06-01,9999-12-31,2020-11-25T04:24:39Z,Y
5083893,CCPP,2015-06-17,2019-08-15,2020-02-13T18:54:24Z,Y
5023695,CCPP,2016-05-05,2018-06-01,2020-11-25T04:24:39Z,Y
5098657,NULL,2019-08-15,9999-12-31,2020-02-13T18:54:24Z,Y
5044169,NULL,2023-08-05,9999-12-31,2022-04-05T03:24:37Z,Y
5007554,MILD,2019-01-06,9999-12-31,2020-02-13T18:53:55Z,Y
5055418,NULL,2019-08-15,9999-12-31,2020-02-13T18:54:24Z,Y
5082938,NULL,2018-06-01,9999-12-31,2021-09-21T03:24:41Z,Y
5044169,CCPP,2021-05-25,2023-08-05,2022-04-05T03:24:37Z,Y
5082938,CCPP,2017-06-12,2018-06-01,2021-09-21T03:24:41Z,Y
5012773,NULL,2023-08-05,9999-12-31,2022-03-22T03:24:40Z,Y
5055321,NULL,2019-08-15,9999-12-31,2020-02-13T18:54:24Z,Y
5001697,NULL,2022-08-05,9999-12-31,2022-01-26T04:24:40Z,Y
5007256,NULL,2019-08-15,9999-12-31,2020-02-13T18:54:02Z,Y
5012773,CCPP,2021-03-29,2023-08-05,2022-03-22T03:24:40Z,Y
5069854,CCPP,2017-03-23,2019-08-05,2021-01-07T04:24:42Z,Y
5098657,CCPP,2015-06-17,2019-08-15,2020-02-13T18:54:24Z,Y
5006349,NULL,2022-08-05,9999-12-31,2021-10-26T03:24:38Z,Y
5057287,NULL,2019-08-05,9999-12-31,2020-02-13T18:54:23Z,Y
5064172,CCPP,2015-06-17,2019-08-05,2020-08-15T03:25:27Z,Y
5057287,CCPP,2017-03-23,2019-08-05,2020-02-13T18:54:23Z,Y
5028483,NULL,2019-08-05,9999-12-31,2020-02-13T18:54:23Z,Y
5001697,CCPP,2018-06-27,2022-08-05,2022-01-26T04:24:40Z,Y
5049186,NULL,2019-08-05,9999-12-31,2020-02-13T18:54:26Z,Y
5013890,NULL,2019-08-05,9999-12-31,2020-12-04T04:24:37Z,Y
5049186,CCPP,2017-05-16,2019-08-05,2020-02-13T18:54:26Z,Y
5059182,NULL,2019-08-15,9999-12-31,2020-02-13T18:54:22Z,Y
5053254,CCPP,2021-10-07,9999-12-31,2022-02-05T04:24:41Z,Y
5006349,CCPP,2018-06-27,2022-08-05,2021-10-26T03:24:38Z,Y
5024997,NULL,2014-06-10,9999-12-31,2021-11-17T04:24:40Z,Y
5082152,NULL,2019-08-05,9999-12-31,2021-11-17T04:24:40Z,Y
5024997,CCPP,2013-05-20,2014-06-10,2021-11-17T04:24:40Z,Y
5053971,NULL,2022-08-05,9999-12-31,2022-01-11T04:24:40Z,Y
5019061,NULL,2019-08-05,9999-12-31,2020-02-13T18:54:23Z,Y
5059182,CCPP,2018-06-07,2019-08-15,2020-02-13T18:54:22Z,Y
5092602,CCPP,2021-05-25,2023-08-05,2022-04-01T03:24:37Z,Y
5013890,CCPP,2017-03-24,2019-08-05,2020-12-04T04:24:37Z,Y
5088517,NULL,2022-08-05,9999-12-31,2021-10-26T03:24:38Z,Y
5098443,NULL,2019-08-05,9999-12-31,2020-02-13T18:54:22Z,Y
5053971,CCPP,2018-06-27,2022-08-05,2022-01-11T04:24:40Z,Y
5089665,NULL,2019-08-05,9999-12-31,2020-02-13T18:54:23Z,Y
5045334,CCPP,2015-06-17,2019-08-15,2020-02-13T18:54:24Z,Y
5028483,CCPP,2017-03-20,2019-08-05,2020-02-13T18:54:23Z,Y
5052647,NULL,2019-08-05,9999-12-31,2020-02-13T18:54:22Z,Y
5021751,NULL,2015-07-27,9999-12-31,2020-02-13T18:54:14Z,Y
5082152,CCPP,2017-03-24,2019-08-05,2021-11-17T04:24:40Z,Y
5019061,CCPP,2017-03-24,2019-08-05,2020-02-13T18:54:23Z,Y
5052647,CCPP,2017-03-13,2019-08-05,2020-02-13T18:54:22Z,Y
5062293,NULL,2019-08-05,9999-12-31,2020-06-20T03:25:34Z,Y
5074460,NULL,2023-08-05,9999-12-31,2022-03-26T03:24:38Z,Y
5055418,CCPP,2015-06-17,2019-08-15,2020-02-13T18:54:24Z,Y
5089665,CCPP,2017-03-24,2019-08-05,2020-02-13T18:54:23Z,Y
5012285,NULL,2022-08-05,9999-12-31,2021-10-27T03:24:41Z,Y
5021751,CCPP,2015-07-27,2015-07-27,2020-02-13T18:54:14Z,Y
5055321,CCPP,2015-06-17,2019-08-15,2020-02-13T18:54:24Z,Y
5088517,CCPP,2018-06-27,2022-08-05,2021-10-26T03:24:38Z,Y
5007256,CCPP,2014-05-15,2019-08-15,2020-02-13T18:54:02Z,Y
5098443,CCPP,2017-03-20,2019-08-05,2020-02-13T18:54:22Z,Y
5074460,CCPP,2022-03-22,2023-08-05,2022-03-26T03:24:38Z,Y
5033232,NULL,2016-12-30,9999-12-31,2020-02-13T18:54:09Z,Y
5062293,CCPP,2017-03-20,2019-08-05,2020-06-20T03:25:34Z,Y
5086327,NULL,2019-08-15,9999-12-31,2020-02-13T18:54:24Z,Y
5033232,CCPP,2016-06-30,2016-12-30,2020-02-13T18:54:09Z,Y
5008905,NULL,2022-08-05,9999-12-31,2021-12-01T04:24:40Z,Y
5008905,CCPP,2019-04-17,2022-08-05,2021-12-01T04:24:40Z,Y
5086327,CCPP,2015-06-17,2019-08-15,2020-02-13T18:54:24Z,Y
5088014,NULL,2019-08-05,9999-12-31,2020-02-13T18:54:23Z,Y
5023704,NULL,2019-08-15,9999-12-31,2020-02-13T18:54:02Z,Y
5058988,NULL,2019-08-15,9999-12-31,2020-02-13T18:54:27Z,Y
5023704,CCPP,2014-05-15,2019-08-15,2020-02-13T18:54:02Z,Y
5049211,NULL,2019-08-15,9999-12-31,2021-04-24T03:24:38Z,Y
5012285,CCPP,2019-04-23,2022-08-05,2021-10-27T03:24:41Z,Y
5049211,CCPP,2018-05-01,2019-08-15,2021-04-24T03:24:38Z,Y
5088014,CCPP,2017-03-22,2019-08-05,2020-02-13T18:54:23Z,Y
5064544,CCPP,2017-03-24,2018-08-15,2022-01-05T04:24:42Z,Y
5058988,CCPP,2015-07-21,2019-08-15,2020-02-13T18:54:27Z,Y
5051746,NULL,2019-08-05,9999-12-31,2021-03-06T04:24:37Z,Y
5008856,NULL,2018-08-15,9999-12-31,2020-02-13T18:54:23Z,Y
5020872,NULL,2019-08-15,9999-12-31,2020-02-13T18:54:02Z,Y
5051746,CCPP,2017-03-27,2019-08-05,2021-03-06T04:24:37Z,Y
5020872,CCPP,2014-05-15,2019-08-15,2020-02-13T18:54:02Z,Y
5008856,CCPP,2017-03-20,2018-08-15,2020-02-13T18:54:23Z,Y
5047851,NULL,2019-08-05,9999-12-31,2020-02-13T18:54:24Z,Y
5010294,NULL,2019-08-15,9999-12-31,2020-02-13T18:54:02Z,Y
5010294,CCPP,2014-05-15,2019-08-15,2020-02-13T18:54:02Z,Y
5005483,NULL,2019-08-05,9999-12-31,2022-01-08T04:24:42Z,Y
5028816,NULL,2022-08-05,9999-12-31,2022-03-19T03:24:37Z,Y
5065425,NULL,2019-08-05,9999-12-31,2020-02-13T18:53:54Z,Y
5047851,CCPP,2017-04-05,2019-08-05,2020-02-13T18:54:24Z,Y
5005483,CCPP,2017-04-05,2019-08-05,2022-01-08T04:24:42Z,Y
5074145,NULL,2018-08-15,9999-12-31,2021-05-25T03:24:41Z,Y
5074145,CCPP,2017-01-09,2018-08-15,2021-05-25T03:24:41Z,Y
5065425,CCPP,2017-07-19,2019-08-05,2020-02-13T18:53:54Z,Y
5092567,NULL,2019-08-05,9999-12-31,2020-02-13T18:54:02Z,Y
5093003,NULL,2019-08-15,9999-12-31,2020-11-25T04:24:36Z,Y
5028816,CCPP,2020-02-25,2022-08-05,2022-03-19T03:24:37Z,Y
5093003,CCPP,2017-06-06,2019-08-15,2020-11-25T04:24:36Z,Y
5064544,NULL,2018-08-15,9999-12-31,2022-01-05T04:24:42Z,Y
5070860,NULL,2022-08-05,9999-12-31,2022-01-29T04:24:39Z,Y
5030356,CCPP,2016-04-21,2018-08-15,2021-06-23T03:24:38Z,Y
5035199,NULL,2022-08-05,9999-12-31,2021-11-23T04:24:40Z,Y
5070860,CCPP,2020-03-16,2022-08-05,2022-01-29T04:24:39Z,Y
5054157,CCPP,2018-06-06,2019-08-15,2020-02-13T18:54:09Z,Y
5040676,NULL,2022-08-05,9999-12-31,2022-02-01T04:24:39Z,Y
5025706,NULL,2022-08-05,9999-12-31,2021-12-01T04:24:41Z,Y
5030356,NULL,2018-08-15,9999-12-31,2021-06-23T03:24:38Z,Y
5054157,NULL,2019-08-15,9999-12-31,2020-02-13T18:54:09Z,Y
5096621,CCPP,2018-06-13,2019-08-15,2020-07-16T03:25:48Z,Y
5092567,CCPP,2018-01-07,2019-08-05,2020-02-13T18:54:02Z,Y
5028487,NULL,2022-08-05,9999-12-31,2022-01-12T04:24:40Z,Y
5018862,NULL,2022-08-05,9999-12-31,2021-10-26T03:24:38Z,Y
5080814,ISQV,2017-12-12,2019-12-19,2020-11-18T04:24:38Z,Y
5080814,NULL,2019-12-19,9999-12-31,2020-11-18T04:24:38Z,Y
5040676,CCPP,2020-03-17,2022-08-05,2022-02-01T04:24:39Z,Y
5028487,CCPP,2018-06-27,2022-08-05,2022-01-12T04:24:40Z,Y
5080899,NULL,2022-08-05,9999-12-31,2021-10-26T03:24:38Z,Y
5044005,NULL,2022-08-05,9999-12-31,2021-10-27T03:24:41Z,Y
5088315,NULL,2019-08-05,9999-12-31,2021-12-02T04:24:44Z,Y
5090033,NULL,2020-06-01,9999-12-31,2022-03-22T03:24:38Z,Y
5031351,NULL,2020-06-01,9999-12-31,2021-05-25T03:24:39Z,Y
5035199,CCPP,2018-06-28,2022-08-05,2021-11-23T04:24:40Z,Y
5098960,NULL,2018-08-15,9999-12-31,2020-02-13T18:54:04Z,Y
5044005,CCPP,2019-04-23,2022-08-05,2021-10-27T03:24:41Z,Y
5098960,CCPP,2017-07-20,2018-08-15,2020-02-13T18:54:04Z,Y
5031351,CCPP,2016-06-20,2020-06-01,2021-05-25T03:24:39Z,Y
5059428,NULL,2019-08-05,9999-12-31,2020-02-13T18:54:10Z,Y
5096411,CCPP,2018-06-07,2020-06-01,2021-02-03T04:24:40Z,Y
5016048,CCPP,2018-06-07,2020-06-01,2021-08-10T15:13:08Z,Y
5018862,CCPP,2018-06-28,2022-08-05,2021-10-26T03:24:38Z,Y
5039890,NULL,2020-06-01,9999-12-31,2020-06-25T03:25:20Z,Y
5042632,NULL,2019-08-05,9999-12-31,2020-02-13T18:54:25Z,Y
5080899,CCPP,2018-06-28,2022-08-05,2021-10-26T03:24:38Z,Y
5016048,NULL,2020-06-01,9999-12-31,2021-08-10T15:13:08Z,Y
5039890,CCPP,2018-06-07,2020-06-01,2020-06-25T03:25:20Z,Y
5096411,NULL,2020-06-01,9999-12-31,2021-02-03T04:24:40Z,Y
5059428,CCPP,2018-06-20,2019-08-05,2020-02-13T18:54:10Z,Y
5090033,CCPP,2018-06-06,2020-06-01,2022-03-22T03:24:38Z,Y
5006338,NULL,2019-08-05,9999-12-31,2020-02-13T18:54:16Z,Y
5025706,CCPP,2019-04-22,2022-08-05,2021-12-01T04:24:41Z,Y
5088315,CCPP,2018-06-11,2019-08-05,2021-12-02T04:24:44Z,Y
5035797,NULL,2020-08-05,9999-12-31,2020-02-13T18:53:51Z,Y
5006338,CCPP,2018-11-15,2019-08-05,2020-02-13T18:54:16Z,Y
5035797,CCPP,2019-06-07,2020-08-05,2020-02-13T18:53:51Z,Y
5041976,CCPP,2018-05-01,2020-06-01,2020-04-25T03:25:38Z,Y
5042632,CCPP,2017-06-06,2019-08-05,2020-02-13T18:54:25Z,Y
5014254,CCPP,2016-06-20,2020-08-05,2020-02-13T18:54:09Z,Y
5041976,NULL,2020-06-01,9999-12-31,2020-04-25T03:25:38Z,Y
5006071,NULL,2020-08-05,9999-12-31,2020-02-13T18:54:11Z,Y
5006071,CCPP,2018-08-14,2020-08-05,2020-02-13T18:54:11Z,Y
5003409,NULL,2019-08-05,9999-12-31,2020-02-13T18:53:53Z,Y
5077343,NULL,2022-08-05,9999-12-31,2021-11-24T04:24:41Z,Y
5053511,NULL,2022-08-05,9999-12-31,2021-10-27T03:24:41Z,Y
5039017,NULL,2019-08-05,9999-12-31,2021-04-17T03:24:37Z,Y
5084009,NULL,2020-08-05,9999-12-31,2021-11-09T04:24:38Z,Y
5089854,NULL,2020-08-05,9999-12-31,2020-02-13T18:54:08Z,Y
5003409,CCPP,2017-08-14,2019-08-05,2020-02-13T18:53:53Z,Y
5091577,NULL,2022-08-05,9999-12-31,2022-03-08T04:24:39Z,Y
5077343,CCPP,2019-04-23,2022-08-05,2021-11-24T04:24:41Z,Y
5035182,NULL,2020-06-01,9999-12-31,2020-04-28T03:25:18Z,Y
5041348,NULL,2020-06-01,9999-12-31,2020-04-28T03:25:18Z,Y
5064471,NULL,2019-08-05,9999-12-31,2020-02-13T18:53:56Z,Y
5039017,CCPP,2018-05-02,2019-08-05,2021-04-17T03:24:37Z,Y
5012533,NULL,2020-08-05,9999-12-31,2020-10-30T03:25:43Z,Y
5053479,NULL,2020-06-01,9999-12-31,2020-04-28T03:25:18Z,Y
5012533,CCPP,2018-08-03,2020-08-05,2020-10-30T03:25:43Z,Y
5064471,CCPP,2017-08-24,2019-08-05,2020-02-13T18:53:56Z,Y
5021462,NULL,2020-06-01,9999-12-31,2021-10-29T03:24:43Z,Y
5032146,NULL,2020-08-05,9999-12-31,2022-01-18T04:24:42Z,Y
5053479,CCPP,2019-04-15,2020-06-01,2020-04-28T03:25:18Z,Y
5032146,CCPP,2019-03-28,2020-08-05,2022-01-18T04:24:42Z,Y
5091577,CCPP,2018-06-28,2022-08-05,2022-03-08T04:24:39Z,Y
5049135,NULL,2020-08-05,9999-12-31,2020-11-14T04:24:36Z,Y
5049135,CCPP,2019-04-15,2020-08-05,2020-11-14T04:24:36Z,Y
5021462,CCPP,2018-05-07,2020-06-01,2021-10-29T03:24:43Z,Y
5021891,NULL,2020-08-05,9999-12-31,2020-02-13T18:54:25Z,Y
5021891,CCPP,2019-04-15,2020-08-05,2020-02-13T18:54:25Z,Y
5023925,NULL,2019-08-05,9999-12-31,2020-02-13T18:54:17Z,Y
5035182,CCPP,2019-04-12,2020-06-01,2020-04-28T03:25:18Z,Y
5041348,CCPP,2019-04-12,2020-06-01,2020-04-28T03:25:18Z,Y
5023925,CCPP,2018-11-28,2019-08-05,2020-02-13T18:54:17Z,Y
5049274,NULL,2020-06-01,9999-12-31,2021-05-22T03:24:41Z,Y
5076339,NULL,2019-08-05,9999-12-31,2020-02-13T18:54:09Z,Y
5049274,CCPP,2019-04-12,2020-06-01,2021-05-22T03:24:41Z,Y
5007865,NULL,2020-06-01,9999-12-31,2020-04-25T03:25:17Z,Y
5060950,NULL,2019-08-05,9999-12-31,2020-02-13T18:54:09Z,Y
5022456,NULL,2022-08-05,9999-12-31,2021-10-26T03:24:38Z,Y
5019257,NULL,2019-08-05,9999-12-31,2020-02-13T18:54:09Z,Y
5071020,NULL,2019-08-05,9999-12-31,2020-02-13T18:54:09Z,Y
5060950,CCPP,2018-06-14,2019-08-05,2020-02-13T18:54:09Z,Y
5007865,CCPP,2019-04-12,2020-06-01,2020-04-25T03:25:17Z,Y
5019257,CCPP,2018-06-14,2019-08-05,2020-02-13T18:54:09Z,Y
5022456,CCPP,2018-06-28,2022-08-05,2021-10-26T03:24:38Z,Y
5076339,CCPP,2018-06-12,2019-08-05,2020-02-13T18:54:09Z,Y
5045917,NULL,2020-06-01,9999-12-31,2020-04-28T03:25:42Z,Y
5071020,CCPP,2018-06-12,2019-08-05,2020-02-13T18:54:09Z,Y
5010559,NULL,2019-08-05,9999-12-31,2020-02-13T18:54:13Z,Y
5053511,CCPP,2019-04-22,2022-08-05,2021-10-27T03:24:41Z,Y
5064841,NULL,2020-06-01,9999-12-31,2020-05-29T03:25:34Z,Y
5045917,CCPP,2018-06-19,2020-06-01,2020-04-28T03:25:42Z,Y
5033505,NULL,2022-08-05,9999-12-31,2021-05-26T03:24:37Z,Y
5034746,NULL,2020-08-05,9999-12-31,2022-01-15T04:24:42Z,Y
5091001,NULL,2020-08-05,9999-12-31,2020-02-13T18:54:10Z,Y
5069854,NULL,2019-08-05,9999-12-31,2021-01-07T04:24:42Z,Y
5088273,NULL,2020-06-01,9999-12-31,2020-04-28T03:25:16Z,Y
5098114,NULL,2020-06-01,9999-12-31,2021-11-16T04:24:44Z,Y
5034746,CCPP,2019-04-12,2020-08-05,2022-01-15T04:24:42Z,Y
5064841,CCPP,2019-03-28,2020-06-01,2020-05-29T03:25:34Z,Y
5078842,NULL,2020-08-05,9999-12-31,2021-03-25T03:24:40Z,Y
5003700,NULL,2020-06-01,9999-12-31,2021-12-18T04:24:42Z,Y
5033505,CCPP,2020-03-18,2022-08-05,2021-05-26T03:24:37Z,Y
5001054,NULL,2020-08-05,9999-12-31,2020-02-13T18:54:24Z,Y
5078842,CCPP,2018-06-27,2020-08-05,2021-03-25T03:24:40Z,Y
5064172,NULL,2019-08-05,9999-12-31,2020-08-15T03:25:27Z,Y
5075614,NULL,2022-08-05,9999-12-31,2022-01-29T04:24:39Z,Y
5088273,CCPP,2019-03-28,2020-06-01,2020-04-28T03:25:16Z,Y
5075614,CCPP,2020-03-19,2022-08-05,2022-01-29T04:24:39Z,Y
5003700,CCPP,2019-03-28,2020-06-01,2021-12-18T04:24:42Z,Y
5007848,NULL,2022-08-05,9999-12-31,2021-10-26T03:24:43Z,Y
5098114,CCPP,2018-06-12,2020-06-01,2021-11-16T04:24:44Z,Y
5007848,CCPP,2020-03-19,2022-08-05,2021-10-26T03:24:43Z,Y
5014151,NULL,2019-08-05,9999-12-31,2020-02-13T18:54:13Z,Y
5014151,CCPP,2018-08-14,2019-08-05,2020-02-13T18:54:13Z,Y
5091001,CCPP,2018-06-27,2020-08-05,2020-02-13T18:54:10Z,Y
5045841,NULL,2020-08-05,9999-12-31,2020-02-13T18:54:24Z,Y
5010559,CCPP,2018-08-14,2019-08-05,2020-02-13T18:54:13Z,Y
5001054,CCPP,2015-06-17,2020-08-05,2020-02-13T18:54:24Z,Y
5060882,NULL,2022-08-05,9999-12-31,2021-12-01T04:24:38Z,Y
5029593,NULL,2020-08-05,9999-12-31,2020-02-13T18:53:55Z,Y
5053945,NULL,2022-08-05,9999-12-31,2022-01-13T04:24:40Z,Y
5045841,CCPP,2015-06-17,2020-08-05,2020-02-13T18:54:24Z,Y
5029593,CCPP,2019-08-15,2020-08-05,2020-02-13T18:53:55Z,Y
5091996,NULL,2022-08-05,9999-12-31,2022-01-12T04:24:41Z,Y
5041991,NULL,2021-05-15,9999-12-31,2020-05-25T21:44:29Z,Y
5053945,CCPP,2020-06-19,2022-08-05,2022-01-13T04:24:40Z,Y
5041991,SPOU,2020-01-12,2021-05-15,2020-05-25T21:44:29Z,Y
5041991,NULL,2018-08-01,2020-01-12,2020-05-25T21:44:29Z,Y
5041991,EMPD,2018-05-21,2018-08-01,2020-05-25T21:44:29Z,Y
5084376,NULL,2022-08-05,9999-12-31,2022-03-19T03:24:38Z,Y
5014254,NULL,2020-08-05,9999-12-31,2020-02-13T18:54:09Z,Y
5091996,CCPP,2020-06-19,2022-08-05,2022-01-12T04:24:41Z,Y
5029305,NULL,2020-08-05,9999-12-31,2021-07-07T03:24:41Z,Y
5081965,CCPP,2019-07-22,2020-08-05,2021-12-03T04:24:41Z,Y
5048481,NULL,2020-06-01,9999-12-31,2020-04-25T03:25:42Z,Y
5048481,CCPP,2018-08-09,2020-06-01,2020-04-25T03:25:42Z,Y
5029305,CCPP,2017-06-20,2020-08-05,2021-07-07T03:24:41Z,Y
5031342,NULL,2022-08-05,9999-12-31,2022-01-07T04:24:39Z,Y
5060882,CCPP,2020-06-19,2022-08-05,2021-12-01T04:24:38Z,Y
5088044,NULL,2020-06-01,9999-12-31,2020-04-28T03:25:39Z,Y
5084009,CCPP,2016-06-15,2020-08-05,2021-11-09T04:24:38Z,Y
5089854,CCPP,2016-06-15,2020-08-05,2020-02-13T18:54:08Z,Y
5070826,NULL,2020-08-05,9999-12-31,2020-02-13T18:54:18Z,Y
5056588,NULL,2020-08-05,9999-12-31,2020-03-11T22:59:19Z,Y
5056588,CCPP,2019-12-17,2020-08-05,2020-03-11T22:59:19Z,Y
5070826,CCPP,2019-01-06,2020-08-05,2020-02-13T18:54:18Z,Y
5081965,NULL,2020-08-05,9999-12-31,2021-12-03T04:24:41Z,Y
5088044,CCPP,2019-03-20,2020-06-01,2020-04-28T03:25:39Z,Y
5036766,NULL,2020-06-01,9999-12-31,2022-03-24T03:24:40Z,Y
5079991,NULL,2021-08-05,9999-12-31,2020-08-19T03:25:25Z,Y
5084376,CCPP,2020-06-19,2022-08-05,2022-03-19T03:24:38Z,Y
5050248,NULL,2020-06-01,9999-12-31,2022-03-25T03:24:37Z,Y
5031342,CCPP,2020-03-30,2022-08-05,2022-01-07T04:24:39Z,Y
5093961,NULL,2021-08-05,9999-12-31,2020-12-08T04:24:40Z,Y
5050248,CCPP,2019-06-03,2020-06-01,2022-03-25T03:24:37Z,Y
5036766,CCPP,2019-01-06,2020-06-01,2022-03-24T03:24:40Z,Y
5025625,NULL,2020-06-01,9999-12-31,2022-01-15T04:24:42Z,Y
5047703,NULL,2022-08-05,9999-12-31,2021-10-26T03:24:43Z,Y
5088004,CCPP,2017-08-03,2021-08-05,2021-05-26T03:24:36Z,Y
5025625,CCPP,2019-04-10,2020-06-01,2022-01-15T04:24:42Z,Y
5026093,NULL,2020-06-01,9999-12-31,2021-12-21T04:24:43Z,Y
5088004,NULL,2021-08-05,9999-12-31,2021-05-26T03:24:36Z,Y
5026379,NULL,2022-08-05,9999-12-31,2021-06-23T03:24:37Z,Y
5051209,CCPP,2017-06-20,2021-08-05,2020-12-19T04:24:37Z,Y
5086129,NULL,2022-08-05,9999-12-31,2022-04-02T03:24:39Z,Y
5026379,CCPP,2020-03-30,2022-08-05,2021-06-23T03:24:37Z,Y
5026093,CCPP,2019-04-10,2020-06-01,2021-12-21T04:24:43Z,Y
5013025,NULL,2020-06-01,9999-12-31,2020-04-25T03:25:18Z,Y
5047703,CCPP,2020-03-26,2022-08-05,2021-10-26T03:24:43Z,Y
5078754,NULL,2022-08-05,9999-12-31,2021-11-11T04:24:43Z,Y
5070648,NULL,2021-08-05,9999-12-31,2020-12-09T04:24:36Z,Y
5019074,NULL,2020-06-01,9999-12-31,2020-11-25T04:24:36Z,Y
5093961,CCPP,2018-06-27,2021-08-05,2020-12-08T04:24:40Z,Y
5069320,NULL,2020-06-01,9999-12-31,2020-04-25T03:25:27Z,Y
5019074,CCPP,2019-08-15,2020-06-01,2020-11-25T04:24:36Z,Y
5069320,CCPP,2019-08-15,2020-06-01,2020-04-25T03:25:27Z,Y
5086129,CCPP,2020-03-26,2022-08-05,2022-04-02T03:24:39Z,Y
5070648,CCPP,2019-03-28,2021-08-05,2020-12-09T04:24:36Z,Y
5013025,CCPP,2019-04-16,2020-06-01,2020-04-25T03:25:18Z,Y
5060727,NULL,2020-06-01,9999-12-31,2020-04-25T03:25:18Z,Y
5076781,CCPP,2021-01-11,2021-08-05,2022-01-07T04:24:41Z,Y
5060727,CCPP,2019-04-16,2020-06-01,2020-04-25T03:25:18Z,Y
5090540,NULL,2020-06-01,9999-12-31,2021-12-01T04:24:40Z,Y
5090540,CCPP,2019-04-16,2020-06-01,2021-12-01T04:24:40Z,Y
5067174,CCPP,2021-01-06,2021-08-05,2021-02-03T04:24:42Z,Y
5090459,NULL,2022-08-05,9999-12-31,2022-01-08T04:24:39Z,Y
5076781,NULL,2021-08-05,9999-12-31,2022-01-07T04:24:41Z,Y
5046457,NULL,2021-08-05,9999-12-31,2022-01-14T04:24:41Z,Y
5090459,CCPP,2020-04-01,2022-08-05,2022-01-08T04:24:39Z,Y
5074925,CCPP,2019-03-28,2020-06-01,2022-03-24T03:24:40Z,Y
5098609,CCPP,2019-03-28,2020-06-01,2020-09-05T03:25:23Z,Y
5046457,CCPP,2021-01-11,2021-08-05,2022-01-14T04:24:41Z,Y
5069983,NULL,2022-08-05,9999-12-31,2021-08-24T03:24:36Z,Y
5078754,CCPP,2020-03-25,2022-08-05,2021-11-11T04:24:43Z,Y
5068003,NULL,2022-08-05,9999-12-31,2021-11-04T03:24:39Z,Y
5051209,NULL,2021-08-05,9999-12-31,2020-12-19T04:24:37Z,Y
5068003,CCPP,2020-06-18,2022-08-05,2021-11-04T03:24:39Z,Y
5069983,CCPP,2020-05-04,2022-08-05,2021-08-24T03:24:36Z,Y
5041839,NULL,2022-08-05,9999-12-31,2022-02-01T04:24:42Z,Y
5049543,CCPP,2016-06-14,2021-08-05,2021-01-23T04:24:39Z,Y
5049543,NULL,2021-08-05,9999-12-31,2021-01-23T04:24:39Z,Y
5098609,NULL,2020-06-01,9999-12-31,2020-09-05T03:25:23Z,Y
5053119,NULL,2020-06-01,9999-12-31,2020-09-05T03:25:24Z,Y
5057203,NULL,2022-08-05,9999-12-31,2021-06-16T03:24:41Z,Y
5074925,NULL,2020-06-01,9999-12-31,2022-03-24T03:24:40Z,Y
5032254,NULL,2020-06-01,9999-12-31,2020-04-28T03:25:16Z,Y
5038574,NULL,2022-08-05,9999-12-31,2021-05-21T03:24:40Z,Y
5057203,CCPP,2021-04-29,2022-08-05,2021-06-16T03:24:41Z,Y
5053119,CCPP,2019-03-28,2020-06-01,2020-09-05T03:25:24Z,Y
5056001,NULL,2021-08-05,9999-12-31,2020-10-27T03:25:41Z,Y
5032254,CCPP,2019-03-28,2020-06-01,2020-04-28T03:25:16Z,Y
5041839,CCPP,2021-04-29,2022-08-05,2022-02-01T04:24:42Z,Y
5056001,CCPP,2016-06-10,2021-08-05,2020-10-27T03:25:41Z,Y
5092009,NULL,2021-08-05,9999-12-31,2020-10-27T03:25:26Z,Y
5092009,CCPP,2017-08-08,2021-08-05,2020-10-27T03:25:26Z,Y
5057349,NULL,2022-08-05,9999-12-31,2022-03-26T03:24:37Z,Y
5078666,CCPP,2018-06-19,2020-06-01,2021-04-15T03:24:38Z,Y
5035871,CCPP,2018-06-13,2020-06-01,2020-04-25T03:25:41Z,Y
5038574,CCPP,2021-03-23,2022-08-05,2021-05-21T03:24:40Z,Y
5029374,CCPP,2018-06-28,2021-08-05,2020-10-27T03:25:42Z,Y
5057349,CCPP,2021-04-29,2022-08-05,2022-03-26T03:24:37Z,Y
5078666,NULL,2020-06-01,9999-12-31,2021-04-15T03:24:38Z,Y
5029374,NULL,2021-08-05,9999-12-31,2020-10-27T03:25:42Z,Y
5035871,NULL,2020-06-01,9999-12-31,2020-04-25T03:25:41Z,Y
5097646,CCPP,2018-06-19,2020-06-01,2020-04-28T03:25:41Z,Y
5005102,NULL,2021-08-05,9999-12-31,2020-10-27T03:25:25Z,Y
5079991,CCPP,2019-03-28,2021-08-05,2020-08-19T03:25:25Z,Y
5005102,CCPP,2017-07-24,2021-08-05,2020-10-27T03:25:25Z,Y
5096534,CCPP,2018-06-19,2020-06-01,2020-04-28T03:25:42Z,Y
5095778,CCPP,2018-06-11,2020-06-01,2020-04-28T03:25:42Z,Y
5086378,NULL,2022-08-05,9999-12-31,2021-11-10T04:24:41Z,Y
5087630,NULL,2020-06-01,9999-12-31,2020-04-28T03:25:35Z,Y
5093106,NULL,2022-08-05,9999-12-31,2021-11-10T04:24:41Z,Y
5025475,NULL,2020-06-01,9999-12-31,2020-04-28T03:25:42Z,Y
5093106,CCPP,2021-04-29,2022-08-05,2021-11-10T04:24:41Z,Y
5098400,NULL,2021-08-05,9999-12-31,2022-01-19T04:24:42Z,Y
5087630,CCPP,2018-06-14,2020-06-01,2020-04-28T03:25:35Z,Y
5025475,CCPP,2018-06-14,2020-06-01,2020-04-28T03:25:42Z,Y
5098400,CCPP,2019-03-28,2021-08-05,2022-01-19T04:24:42Z,Y
5017589,NULL,2020-06-01,9999-12-31,2020-04-28T03:25:42Z,Y
5073419,NULL,2020-06-01,9999-12-31,2021-11-03T03:24:43Z,Y
5017589,CCPP,2018-06-19,2020-06-01,2020-04-28T03:25:42Z,Y
5015026,NULL,2020-06-01,9999-12-31,2020-04-28T03:25:39Z,Y
5008686,NULL,2021-08-05,9999-12-31,2020-10-27T03:25:15Z,Y
5073419,CCPP,2018-05-08,2020-06-01,2021-11-03T03:24:43Z,Y
5096534,NULL,2020-06-01,9999-12-31,2020-04-28T03:25:42Z,Y
5082024,NULL,2021-08-05,9999-12-31,2020-10-27T03:25:16Z,Y
5015026,CCPP,2018-06-19,2020-06-01,2020-04-28T03:25:39Z,Y
5008686,CCPP,2019-03-28,2021-08-05,2020-10-27T03:25:15Z,Y
5099398,NULL,2020-06-01,9999-12-31,2020-04-28T03:25:42Z,Y
5097646,NULL,2020-06-01,9999-12-31,2020-04-28T03:25:41Z,Y
5082024,CCPP,2019-03-28,2021-08-05,2020-10-27T03:25:16Z,Y
5048427,NULL,2021-08-05,9999-12-31,2021-09-09T03:24:39Z,Y
5095778,NULL,2020-06-01,9999-12-31,2020-04-28T03:25:42Z,Y
5055158,NULL,2022-08-05,9999-12-31,2021-10-26T03:24:40Z,Y
5052049,NULL,2021-08-05,9999-12-31,2020-11-03T04:25:15Z,Y
5099398,CCPP,2018-06-19,2020-06-01,2020-04-28T03:25:42Z,Y
5055158,CCPP,2021-05-04,2022-08-05,2021-10-26T03:24:40Z,Y
5052049,CCPP,2019-03-28,2021-08-05,2020-11-03T04:25:15Z,Y
5048427,CCPP,2019-03-28,2021-08-05,2021-09-09T03:24:39Z,Y
5040828,NULL,2022-08-05,9999-12-31,2021-10-28T03:24:41Z,Y
5086378,CCPP,2021-05-03,2022-08-05,2021-11-10T04:24:41Z,Y
5088900,NULL,2022-08-05,9999-12-31,2022-02-05T04:24:41Z,Y
5034174,NULL,2021-08-05,9999-12-31,2022-04-05T03:24:38Z,Y
5040828,CCPP,2021-05-04,2022-08-05,2021-10-28T03:24:41Z,Y
5052329,NULL,2021-08-05,9999-12-31,2022-02-05T04:24:41Z,Y
5061640,NULL,2021-08-05,9999-12-31,2022-02-05T04:24:41Z,Y
5088900,CCPP,2021-05-03,2022-08-05,2022-02-05T04:24:41Z,Y
5086898,NULL,2022-08-05,9999-12-31,2021-12-21T04:24:43Z,Y
5061640,CCPP,2019-03-28,2021-08-05,2022-02-05T04:24:41Z,Y
5068082,NULL,2022-08-05,9999-12-31,2022-02-01T04:24:42Z,Y
5052329,CCPP,2019-04-10,2021-08-05,2022-02-05T04:24:41Z,Y
5005942,NULL,2022-08-05,9999-12-31,2021-10-26T03:24:41Z,Y
5005942,CCPP,2021-06-07,2022-08-05,2021-10-26T03:24:41Z,Y
5050581,NULL,2022-08-05,9999-12-31,2021-09-09T03:24:39Z,Y
5086898,CCPP,2021-05-25,2022-08-05,2021-12-21T04:24:43Z,Y
5068082,CCPP,2021-05-25,2022-08-05,2022-02-01T04:24:42Z,Y
5027212,NULL,2022-08-05,9999-12-31,2021-10-27T03:24:41Z,Y
5027198,NULL,2022-08-05,9999-12-31,2022-02-17T04:24:42Z,Y
5065560,NULL,2021-08-05,9999-12-31,2020-08-06T03:25:29Z,Y
5027212,CCPP,2021-06-15,2022-08-05,2021-10-27T03:24:41Z,Y
5027198,CCPP,2021-06-10,2022-08-05,2022-02-17T04:24:42Z,Y
5050581,CCPP,2021-05-05,2022-08-05,2021-09-09T03:24:39Z,Y
5074913,NULL,2021-08-05,9999-12-31,2020-10-27T03:25:16Z,Y
5076144,NULL,2021-08-05,9999-12-31,2020-10-27T03:25:16Z,Y
5017850,NULL,2021-08-05,9999-12-31,2020-11-13T04:24:37Z,Y
5074913,CCPP,2019-03-28,2021-08-05,2020-10-27T03:25:16Z,Y
5076144,CCPP,2019-03-28,2021-08-05,2020-10-27T03:25:16Z,Y
5065560,CCPP,2019-04-22,2021-08-05,2020-08-06T03:25:29Z,Y
5034174,CCPP,2019-04-16,2021-08-05,2022-04-05T03:24:38Z,Y
5082977,NULL,2022-08-05,9999-12-31,2021-10-29T03:24:40Z,Y
5017850,CCPP,2019-05-01,2021-08-05,2020-11-13T04:24:37Z,Y
5082977,CCPP,2021-06-10,2022-08-05,2021-10-29T03:24:40Z,Y
5012524,NULL,2021-08-05,9999-12-31,2020-08-06T03:25:29Z,Y
5012524,CCPP,2019-04-23,2021-08-05,2020-08-06T03:25:29Z,Y
5013260,NULL,2021-08-05,9999-12-31,2020-10-27T03:25:18Z,Y
5039409,NULL,2021-08-05,9999-12-31,2020-10-28T03:25:19Z,Y
5039409,CCPP,2019-04-24,2021-08-05,2020-10-28T03:25:19Z,Y
5092003,NULL,2022-08-05,9999-12-31,2021-10-27T03:24:41Z,Y
5010685,NULL,2021-08-05,9999-12-31,2020-10-27T03:25:19Z,Y
5059674,NULL,2021-08-05,9999-12-31,2021-02-26T04:24:37Z,Y
5010685,CCPP,2019-04-16,2021-08-05,2020-10-27T03:25:19Z,Y
5071982,NULL,2022-08-05,9999-12-31,2021-06-23T03:24:37Z,Y
5059674,CCPP,2019-04-16,2021-08-05,2021-02-26T04:24:37Z,Y
5071982,CCPP,2020-03-27,2022-08-05,2021-06-23T03:24:37Z,Y
5013260,CCPP,2019-04-15,2021-08-05,2020-10-27T03:25:18Z,Y
5092003,CCPP,2021-06-18,2022-08-05,2021-10-27T03:24:41Z,Y
5025424,NULL,2021-08-05,9999-12-31,2020-11-19T04:24:37Z,Y
5025614,NULL,2022-08-05,9999-12-31,2021-10-27T03:24:41Z,Y
5084245,NULL,2021-08-05,9999-12-31,2021-08-10T15:13:12Z,Y
5025424,CCPP,2019-05-06,2021-08-05,2020-11-19T04:24:37Z,Y
5084245,CCPP,2019-08-19,2021-08-05,2021-08-10T15:13:12Z,Y
5024765,NULL,2022-08-05,9999-12-31,2022-02-05T04:24:41Z,Y
5025614,CCPP,2021-06-16,2022-08-05,2021-10-27T03:24:41Z,Y
5055937,NULL,2022-08-05,9999-12-31,2021-10-27T03:24:41Z,Y
5055937,CCPP,2021-06-16,2022-08-05,2021-10-27T03:24:41Z,Y
5088023,NULL,2022-08-05,9999-12-31,2021-09-09T03:24:39Z,Y
5081305,NULL,2021-08-05,9999-12-31,2021-10-28T03:24:41Z,Y
5007094,NULL,2022-08-05,9999-12-31,2022-03-24T03:24:41Z,Y
5081305,CCPP,2019-04-15,2021-08-05,2021-10-28T03:24:41Z,Y
5031553,NULL,2021-08-05,9999-12-31,2020-08-20T03:25:43Z,Y
5093279,NULL,2022-08-05,9999-12-31,2021-10-27T03:24:41Z,Y
5031553,CCPP,2020-01-13,2021-08-05,2020-08-20T03:25:43Z,Y
5093279,CCPP,2021-06-17,2022-08-05,2021-10-27T03:24:41Z,Y
5007094,CCPP,2021-07-29,2022-08-05,2022-03-24T03:24:41Z,Y
5006030,NULL,2021-08-05,9999-12-31,2022-03-22T03:24:37Z,Y
5017477,NULL,2021-08-05,9999-12-31,2021-12-03T04:24:42Z,Y
5024765,CCPP,2021-06-18,2022-08-05,2022-02-05T04:24:41Z,Y
5006030,CCPP,2020-03-19,2021-08-05,2022-03-22T03:24:37Z,Y
5080380,NULL,2021-08-05,9999-12-31,2022-01-14T04:24:39Z,Y
5088023,CCPP,2021-06-18,2022-08-05,2021-09-09T03:24:39Z,Y
5069156,NULL,2021-08-05,9999-12-31,2020-10-27T03:25:36Z,Y
5069302,NULL,2022-08-05,9999-12-31,2021-10-27T03:24:41Z,Y
5017477,CCPP,2020-03-17,2021-08-05,2021-12-03T04:24:42Z,Y
5011810,NULL,2022-08-05,9999-12-31,2021-10-27T03:24:41Z,Y
5061635,NULL,2021-08-05,9999-12-31,2020-06-20T03:25:15Z,Y
5060511,NULL,2021-08-05,9999-12-31,2021-12-11T04:24:39Z,Y
5080380,CCPP,2020-03-17,2021-08-05,2022-01-14T04:24:39Z,Y
5088062,NULL,2022-08-05,9999-12-31,2021-10-27T03:24:41Z,Y
5016165,NULL,2022-08-05,9999-12-31,2021-12-03T04:24:40Z,Y
5011810,CCPP,2021-06-18,2022-08-05,2021-10-27T03:24:41Z,Y
5069302,CCPP,2021-06-18,2022-08-05,2021-10-27T03:24:41Z,Y
5069156,CCPP,2020-03-19,2021-08-05,2020-10-27T03:25:36Z,Y
5061635,CCPP,2020-03-17,2021-08-05,2020-06-20T03:25:15Z,Y
5055209,NULL,2021-08-05,9999-12-31,2021-02-16T04:24:40Z,Y
5087465,NULL,2021-08-05,9999-12-31,2022-04-01T03:24:40Z,Y
5088062,CCPP,2021-06-18,2022-08-05,2021-10-27T03:24:41Z,Y
5016165,CCPP,2021-08-13,2022-08-05,2021-12-03T04:24:40Z,Y
5087465,CCPP,2020-03-17,2021-08-05,2022-04-01T03:24:40Z,Y
5060511,CCPP,2020-04-01,2021-08-05,2021-12-11T04:24:39Z,Y
5057712,NULL,2021-08-05,9999-12-31,2022-01-12T04:24:39Z,Y
5055209,CCPP,2020-03-16,2021-08-05,2021-02-16T04:24:40Z,Y
5044723,NULL,2022-08-05,9999-12-31,2022-01-06T04:24:44Z,Y
5007358,NULL,2021-08-05,9999-12-31,2020-09-05T03:25:13Z,Y
5017241,NULL,2021-08-05,9999-12-31,2021-02-16T04:24:40Z,Y
5057712,CCPP,2020-03-18,2021-08-05,2022-01-12T04:24:39Z,Y
5044723,CCPP,2021-08-16,2022-08-05,2022-01-06T04:24:44Z,Y
5017241,CCPP,2020-04-01,2021-08-05,2021-02-16T04:24:40Z,Y
5016691,NULL,2021-08-05,9999-12-31,2021-01-05T04:24:40Z,Y
5051941,NULL,2022-08-05,9999-12-31,2021-08-25T03:24:39Z,Y
5074176,NULL,2022-08-05,9999-12-31,2021-09-09T03:24:40Z,Y
5016791,NULL,2022-08-05,9999-12-31,2021-10-26T03:24:40Z,Y
5007358,CCPP,2020-06-17,2021-08-05,2020-09-05T03:25:13Z,Y
5016691,CCPP,2020-05-20,2021-08-05,2021-01-05T04:24:40Z,Y
5016791,CCPP,2021-08-02,2022-08-05,2021-10-26T03:24:40Z,Y
5051941,CCPP,2021-08-16,2022-08-05,2021-08-25T03:24:39Z,Y
5022298,NULL,2021-08-05,9999-12-31,2021-02-11T04:24:39Z,Y
5074176,CCPP,2021-08-16,2022-08-05,2021-09-09T03:24:40Z,Y
5094023,NULL,2022-08-05,9999-12-31,2022-02-01T04:24:42Z,Y
5060821,NULL,2021-08-05,9999-12-31,2020-11-19T04:24:40Z,Y
5065678,NULL,2022-08-05,9999-12-31,2021-09-09T03:24:40Z,Y
5094023,CCPP,2021-08-16,2022-08-05,2022-02-01T04:24:42Z,Y
5012525,NULL,2021-08-05,9999-12-31,2021-02-16T04:24:40Z,Y
5060821,CCPP,2020-06-05,2021-08-05,2020-11-19T04:24:40Z,Y
5065678,CCPP,2021-08-16,2022-08-05,2021-09-09T03:24:40Z,Y
5001397,NULL,2021-08-05,9999-12-31,2020-09-05T03:25:14Z,Y
5065242,NULL,2021-08-05,9999-12-31,2022-03-11T04:24:37Z,Y
5062975,NULL,2021-08-05,9999-12-31,2021-08-24T03:24:37Z,Y
5022298,CCPP,2020-03-30,2021-08-05,2021-02-11T04:24:39Z,Y
5054605,NULL,2022-08-05,9999-12-31,2021-09-09T03:24:40Z,Y
5062975,CCPP,2020-05-12,2021-08-05,2021-08-24T03:24:37Z,Y
5054605,CCPP,2021-08-16,2022-08-05,2021-09-09T03:24:40Z,Y
5008626,NULL,2022-08-05,9999-12-31,2021-10-27T03:24:41Z,Y
5001397,CCPP,2020-07-07,2021-08-05,2020-09-05T03:25:14Z,Y
5034371,NULL,2022-08-05,9999-12-31,2021-11-24T04:24:41Z,Y
5012525,CCPP,2020-03-30,2021-08-05,2021-02-16T04:24:40Z,Y
5008626,CCPP,2021-06-18,2022-08-05,2021-10-27T03:24:41Z,Y
5034371,CCPP,2021-06-18,2022-08-05,2021-11-24T04:24:41Z,Y
5065242,CCPP,2020-03-23,2021-08-05,2022-03-11T04:24:37Z,Y
5026987,NULL,2022-08-05,9999-12-31,2022-03-26T03:24:37Z,Y
5098386,NULL,2022-08-05,9999-12-31,2022-02-05T04:24:42Z,Y
5071938,NULL,2022-08-05,9999-12-31,2021-12-14T04:24:38Z,Y
5026987,CCPP,2021-07-30,2022-08-05,2022-03-26T03:24:37Z,Y
5046770,NULL,2021-08-05,9999-12-31,2022-03-17T03:24:37Z,Y
5071938,CCPP,2021-12-10,2022-08-05,2021-12-14T04:24:38Z,Y
5092535,NULL,2021-08-05,9999-12-31,2021-02-03T04:24:42Z,Y
5098386,CCPP,2021-08-17,2022-08-05,2022-02-05T04:24:42Z,Y
5092535,CCPP,2020-12-08,2021-08-05,2021-02-03T04:24:42Z,Y
5094917,NULL,2022-08-05,9999-12-31,2022-01-06T04:24:39Z,Y
5094917,CCPP,2021-12-17,2022-08-05,2022-01-06T04:24:39Z,Y
5098494,NULL,2022-08-05,9999-12-31,2021-12-23T04:24:38Z,Y
5093036,NULL,2021-08-05,9999-12-31,2021-05-20T03:24:40Z,Y
5098494,CCPP,2021-12-17,2022-08-05,2021-12-23T04:24:38Z,Y
5021454,NULL,2021-08-05,9999-12-31,2021-05-06T03:24:38Z,Y
5046770,CCPP,2020-03-26,2021-08-05,2022-03-17T03:24:37Z,Y
5050753,NULL,2021-08-05,9999-12-31,2021-04-22T03:24:39Z,Y
5050753,CCPP,2020-08-16,2021-08-05,2021-04-22T03:24:39Z,Y
5067174,NULL,2021-08-05,9999-12-31,2021-02-03T04:24:42Z,Y
5021454,CCPP,2020-04-03,2021-08-05,2021-05-06T03:24:38Z,Y
5093036,CCPP,2021-01-06,2021-08-05,2021-05-20T03:24:40Z,Y
5007967,NULL,2022-01-03,9999-12-31,2021-02-03T04:24:42Z,Y
5007967,ISQV,2021-01-06,2022-01-03,2021-02-03T04:24:42Z,Y
5016564,NULL,2019-08-01,9999-12-31,2020-05-21T03:25:48Z,Y
5016564,ISQV,2019-05-19,2019-08-01,2020-05-21T03:25:48Z,Y
