ID,Term_ID,Term_Cohort,Cohort
5088966,2019FA,2019RP,NULL
5075533,2019FA,2019RP,NULL
5075533,2019SU,2019RP,NULL
5002610,2019FA,2019FT,2019FT
5042408,2019FA,2019TP,2019TP
5096731,2019FA,2019TF,2019TF
5020872,2019SU,2019HP,NULL
5056001,2019FA,2019HF,NULL
5056001,2019SU,2019HP,NULL
5051209,2019FA,2019HP,NULL
5051209,2019SU,2019HP,NULL
5028487,2019FA,2019HP,NULL
5006071,2019FA,2019HP,NULL
5006071,2019SU,2019HP,NULL
5012533,2019FA,2019HP,NULL
5012533,2019SU,2019HP,NULL
5070826,2019FA,2019HP,NULL
5070826,2019SU,2019HP,NULL
5079991,2019FA,2019HP,NULL
5026093,2019FA,2019HP,NULL
5002610,2020FA,2020RF,NULL
5038397,2020SU,2020RP,NULL
5042408,2020FA,2020RP,NULL
5068484,2020FA,2020RF,NULL
5044376,2020SU,2020TP,NULL
5099331,2020FA,2020TF,2020TF
5034455,2020FA,2020FT,2020FT
5098817,2020FA,2020TF,2020TF
5016889,2020FA,2020TP,2020TP
5017383,2020FA,2020FT,2020FT
5036030,2020FA,2020PT,2020PT
5040071,2020FA,2020HP,NULL
5056001,2020FA,2020HP,NULL
5051209,2020FA,2020HF,NULL
5051209,2020SU,2020HP,NULL
5083618,2019FA,2019RP,NULL
5083618,2019SU,2019RP,NULL
5061503,2019FA,2019RP,NULL
5012079,2019FA,2019RP,NULL
5029930,2019FA,2019HP,NULL
5034199,2019FA,2019HP,NULL
5005102,2019FA,2019HP,NULL
5088004,2019FA,2019HP,NULL
5041619,2019FA,2019HP,NULL
5093961,2019FA,2019HP,NULL
5084776,2019FA,2019HP,NULL
5053119,2019FA,2019HP,NULL
5075054,2019SU,2019HP,NULL
5064427,2019SU,2019HP,NULL
5059674,2019FA,2019HP,NULL
5019549,2020SU,2020RP,NULL
5053395,2020SU,2020RP,NULL
5061503,2020FA,2020RP,NULL
5084776,2020FA,2020RP,NULL
5074814,2020SU,2020RP,NULL
5094605,2020FA,2020RP,NULL
5044646,2020SU,2020TP,NULL
5011704,2020FA,2020PT,2020PT
5025444,2020SU,2020HP,NULL
5005102,2020FA,2020HP,NULL
5088004,2020FA,2020HP,NULL
5041619,2020FA,2020HP,NULL
5093961,2020FA,2020HP,NULL
5039804,2019FA,2019RF,NULL
5031562,2019FA,2019FT,2019FT
5005609,2019FA,2019RF,NULL
5005330,2019FA,2019RF,NULL
5053832,2019SU,2019RP,NULL
5067460,2019FA,2019HP,NULL
5045841,2019FA,2019HF,NULL
5045841,2019SU,2019HP,NULL
5092009,2019FA,2019HP,NULL
5040314,2019FA,2019HP,NULL
5039890,2019FA,2019HP,NULL
5018862,2019FA,2019HP,NULL
5048481,2019FA,2019HP,NULL
5034390,2019SU,2019HP,NULL
5053479,2019FA,2019HF,NULL
5013025,2019FA,2019HP,NULL
5075957,2019FA,2019RP,NULL
5017973,2020FA,2020RF,NULL
5017973,2020SU,2020RF,NULL
5092009,2020FA,2020HP,NULL
5018862,2020FA,2020HP,NULL
5093866,2020FA,2020RP,NULL
5017612,2020FA,2020RP,NULL
5017612,2020SU,2020RP,NULL
5071683,2020FA,2020PT,2020PT
5080053,2020FA,2020RP,NULL
5092424,2019FA,2019RF,NULL
5092424,2019SU,2019RP,NULL
5023146,2019FA,2019RP,NULL
5066650,2019FA,2019RP,NULL
5057593,2019FA,2019RF,NULL
5057593,2019SU,2019RP,NULL
5012875,2019FA,2019TF,2019TF
5067748,2019FA,2019HP,NULL
5055321,2019SU,2019HP,NULL
5014254,2019FA,2019HP,NULL
5076393,2019SU,2019HP,NULL
5016048,2019FA,2019HP,NULL
5073697,2020FA,2020FT,2020FT
5054263,2020FA,2020RF,NULL
5089557,2020FA,2020TP,2020TP
5093200,2020FA,2020TP,2020TP
5074682,2020FA,2020FT,2020FT
5089557,2020SU,2020TP,2020TP
5020928,2020FA,2020HP,NULL
5076393,2020SU,2020HP,NULL
5013108,2020SU,2020HP,NULL
5062975,2020FA,2020HP,NULL
5062975,2020SU,2020HP,NULL
5029759,2019FA,2019RF,NULL
5013390,2019FA,2019RF,NULL
5046540,2019FA,2019RP,NULL
5018643,2019SU,2019RP,NULL
5057640,2019FA,2019RP,NULL
5081955,2019FA,2019HP,NULL
5092022,2019SU,2019HP,NULL
5096534,2019FA,2019HP,NULL
5080899,2019FA,2019HF,NULL
5048427,2019FA,2019HP,NULL
5087364,2019FA,2019HP,NULL
5019074,2019FA,2019HP,NULL
5098211,2020SU,2020RP,NULL
5029759,2020SU,2020RP,NULL
5029629,2020SU,2020RF,NULL
5016564,2020SU,2020RP,NULL
5000690,2020FA,2020RF,NULL
5000690,2020SU,2020RF,NULL
5009590,2020SU,2020RP,NULL
5016490,2020FA,2020FT,2020FT
5017110,2020FA,2020FT,2020FT
5081955,2020FA,2020HP,NULL
5092022,2020FA,2020HP,NULL
5092022,2020SU,2020HP,NULL
5080899,2020FA,2020HP,NULL
5091577,2020FA,2020HP,NULL
5060821,2020FA,2020HP,NULL
5030681,2019FA,2019RP,NULL
5030681,2019SU,2019RP,NULL
5051214,2019FA,2019FT,2019FT
5049211,2019FA,2019FT,2019FT
5091029,2019SU,2019RP,NULL
5027707,2019FA,2019RP,NULL
5001020,2019FA,2019TP,2019TP
5043040,2019FA,2019TF,2019TF
5008038,2019FA,2019HP,NULL
5001054,2019FA,2019HP,NULL
5001054,2019SU,2019HP,NULL
5084009,2019FA,2019HP,NULL
5084009,2019SU,2019HP,NULL
5091259,2019FA,2019HP,NULL
5088044,2019FA,2019HP,NULL
5088044,2019SU,2019HP,NULL
5098114,2019FA,2019HP,NULL
5021462,2019FA,2019HP,NULL
5017589,2019FA,2019HP,NULL
5035199,2019FA,2019HP,NULL
5075718,2019SU,2019HP,NULL
5008686,2019FA,2019HP,NULL
5074913,2019FA,2019HP,NULL
5074925,2019FA,2019HP,NULL
5098400,2019FA,2019HP,NULL
5025625,2019FA,2019HP,NULL
5041348,2019FA,2019HP,NULL
5049274,2019FA,2019HP,NULL
5034174,2019FA,2019HP,NULL
5018773,2020FA,2020TF,2020TF
5090111,2020SU,2020RP,NULL
5049211,2020FA,2020RP,NULL
5021462,2020FA,2020FT,2020FT
5073656,2020FA,2020RF,NULL
5073656,2020SU,2020RP,NULL
5037876,2020FA,2020RF,NULL
5037876,2020SU,2020RP,NULL
5050248,2020FA,2020FT,2020FT
5065504,2020FA,2020TP,2020TP
5061884,2020SU,2020TP,2020TF
5035199,2020FA,2020HP,NULL
5017903,2020FA,2020RF,NULL
5026939,2020FA,2020RF,NULL
5007358,2020FA,2020HP,NULL
5040862,2019FA,2019RF,NULL
5040862,2019SU,2019RP,NULL
5012868,2019FA,2019RF,NULL
5035640,2019FA,2019TF,2019TF
5033521,2019FA,2019TF,2019TF
5014904,2019FA,2019FT,2019FT
5035640,2019SU,2019TP,2019TF
5073419,2019FA,2019HP,NULL
5095778,2019FA,2019HP,NULL
5099398,2019FA,2019HF,NULL
5006349,2019FA,2019HP,NULL
5053971,2019FA,2019HP,NULL
5070648,2019FA,2019HP,NULL
5057990,2019SU,2019HP,NULL
5035182,2019FA,2019HP,NULL
5021891,2019FA,2019HP,NULL
5080766,2020FA,2020RP,NULL
5053556,2020FA,2020RP,NULL
5035640,2020FA,2020RP,NULL
5035640,2020SU,2020RP,NULL
5022430,2020FA,2020TF,2020TF
5095785,2020FA,2020TP,2020TP
5075653,2020FA,2020TF,2020TF
5054122,2020FA,2020PT,2020PT
5008618,2020FA,2020TF,2020TF
5022430,2020SU,2020TP,2020TF
5090986,2020SU,2020PT,2020PT
5095785,2020SU,2020TP,2020TP
5039017,2020SU,2020HP,NULL
5006349,2020FA,2020HF,NULL
5053971,2020FA,2020HP,NULL
5032731,2020FA,2020RP,NULL
5032731,2020SU,2020RP,NULL
5050978,2020FA,2020RF,NULL
5099135,2020FA,2020TP,2020TP
5075707,2019FA,2019RP,NULL
5059335,2019SU,2019RP,NULL
5064470,2019FA,2019RF,NULL
5065425,2019SU,2019HP,NULL
5015026,2019FA,2019HP,NULL
5035871,2019FA,2019HP,NULL
5035871,2019SU,2019HP,NULL
5025475,2019FA,2019HP,NULL
5050303,2019FA,2019HP,NULL
5001697,2019FA,2019HP,NULL
5032254,2019FA,2019HP,NULL
5082024,2019FA,2019HP,NULL
5034746,2019FA,2019HP,NULL
5081305,2019FA,2019HP,NULL
5049135,2019FA,2019HP,NULL
5063300,2020FA,2020PT,2020PT
5078510,2020FA,2020FT,2020FT
5037302,2020FA,2020FT,2020FT
5010778,2020FA,2020TP,2020TP
5029245,2020FA,2020TF,2020TF
5034881,2020FA,2020FT,2020FT
5077804,2020FA,2020HP,NULL
5050303,2020FA,2020HP,NULL
5001697,2020FA,2020HP,NULL
5043589,2020FA,2020RP,NULL
5008727,2020FA,2020RF,NULL
5008727,2020SU,2020RP,NULL
5030327,2020SU,2020HP,NULL
5010493,2020SU,2020HP,NULL
5016691,2020FA,2020HP,NULL
5016691,2020SU,2020HP,NULL
5053945,2020FA,2020HP,NULL
5082103,2019FA,2019HP,NULL
5064544,2019FA,2019FT,2019FT
5032437,2019FA,2019RP,NULL
5032437,2019SU,2019RP,NULL
5065829,2019FA,2019TP,2019TP
5041539,2019SU,2019HP,NULL
5058988,2019SU,2019HP,NULL
5049543,2019FA,2019HF,NULL
5089854,2019FA,2019HP,NULL
5089854,2019SU,2019HP,NULL
5031351,2019FA,2019HF,NULL
5031351,2019SU,2019HP,NULL
5001662,2019SU,2019HP,NULL
5022456,2019FA,2019HP,NULL
5098162,2019SU,2019HP,NULL
5064841,2019FA,2019HP,NULL
5052049,2019FA,2019HP,NULL
5090540,2019FA,2019HP,NULL
5089610,2020FA,2020RP,NULL
5089610,2020SU,2020RP,NULL
5072799,2020FA,2020RF,NULL
5072799,2020SU,2020RP,NULL
5046224,2020FA,2020RP,NULL
5090033,2020FA,2020FT,2020FT
5014619,2020SU,2020RF,NULL
5048892,2020FA,2020FT,2020FT
5083547,2020FA,2020TF,2020TF
5028257,2020FA,2020TP,2020TP
5049543,2020FA,2020HP,NULL
5031351,2020SU,2020HP,NULL
5022456,2020FA,2020HP,NULL
5022456,2020SU,2020HP,NULL
5050209,2020FA,2020RP,NULL
5023355,2020SU,2020RP,NULL
5099325,2020FA,2020HP,NULL
5043218,2019FA,2019HP,NULL
5029593,2019FA,2019HP,NULL
5069320,2019FA,2019HP,NULL
5050209,2021FA,2021RP,NULL
5050209,2021SU,2021RP,NULL
5077191,2019FA,2019FT,2019FT
5090518,2019FA,2019TF,2019TF
5089527,2019FA,2019HP,NULL
5005780,2019FA,2019HP,NULL
5088517,2019FA,2019HP,NULL
5029374,2019FA,2019HF,NULL
5029374,2019SU,2019HP,NULL
5036766,2019FA,2019HP,NULL
5037556,2019SU,2019HP,NULL
5060727,2019FA,2019HP,NULL
5069352,2020SU,2020RF,NULL
5030391,2020FA,2020RF,NULL
5036766,2020FA,2020FT,2020FT
5022937,2020FA,2020RP,NULL
5009521,2020FA,2020RF,NULL
5090053,2020FA,2020FT,2020FT
5040741,2020FA,2020FT,2020FT
5048319,2020FA,2020FT,2020FT
5089527,2020FA,2020HP,NULL
5088517,2020FA,2020HP,NULL
5029374,2020FA,2020HP,NULL
5029374,2020SU,2020HP,NULL
5069898,2020SU,2020HP,NULL
5028274,2020FA,2020RP,NULL
5028274,2020SU,2020RP,NULL
5034213,2020FA,2020RP,NULL
5012533,2020FA,2020FT,2020FT
5028487,2020FA,2020HP,NULL
5012533,2020SU,2020HP,NULL
5014625,2020SU,2020HP,NULL
5060882,2020FA,2020HP,NULL
5023825,2021FA,2021FT,2021FT
5097274,2021FA,2021TF,2021TF
5082739,2021SU,2021HP,NULL
5017612,2020SP,2020PT,NULL
5005609,2019SU,2019RP,NULL
5005330,2019SU,2019RP,NULL
5011800,2005FA,2005FT,2005FT
5011800,2010FA,2010RF,NULL
5011800,2010SP,2010RF,NULL
5011800,2010SU,2010RP,NULL
5011800,2011FA,2011RF,NULL
5011800,2011SP,2011RF,NULL
5011800,2011SU,2011RP,NULL
5011800,2016FA,2016RF,NULL
5011800,2017FA,2017RP,NULL
5011800,2018FA,2018RF,NULL
5011800,2018SP,2018RP,NULL
5011800,2018SU,2018RP,NULL
5068645,2004FA,2004FT,2004FT
5068645,2005FA,2005RF,NULL
5068645,2005SP,2005RF,NULL
5068645,2005SU,2005RP,NULL
5068645,2006SP,2006RF,NULL
5068645,2015FA,2015RF,NULL
5068645,2016FA,2016RP,NULL
5068645,2016SP,2016RF,NULL
5068645,2017FA,2017RF,NULL
5068645,2017SP,2017RP,NULL
5068645,2018FA,2018RP,NULL
5068645,2018SP,2018RF,NULL
5033585,2020FA,2020HP,NULL
5033585,2020SU,2020HP,NULL
5091996,2020FA,2020HP,NULL
5043181,2021FA,2021RP,NULL
5043114,2021FA,2021RP,NULL
5093866,2021FA,2021RF,NULL
5071683,2021FA,2021RF,NULL
5071683,2021SU,2021RP,NULL
5061994,2021FA,2021RF,NULL
5050125,2021FA,2021TF,2021TF
5049211,2020SU,2020RP,NULL
5090111,2019FA,2019PT,2019PT
5087401,2016FA,2016FT,2016FT
5087401,2017FA,2017RF,NULL
5087401,2017SP,2017RP,NULL
5087401,2018FA,2018RF,NULL
5087401,2018SP,2018RF,NULL
5060176,2006FA,2006FT,2006FT
5060176,2007SP,2007RF,NULL
5060176,2008SP,2008RF,NULL
5060176,2010SP,2010RF,NULL
5060176,2011FA,2011RF,NULL
5060176,2011SP,2011RF,NULL
5001020,2020SU,2020RP,NULL
5008038,2008FA,2008PT,2008PT
5008038,2009FA,2009RP,NULL
5008038,2009SP,2009RP,NULL
5008038,2010SP,2010RP,NULL
5008038,2012FA,2012RP,NULL
5008038,2013SP,2013RP,NULL
5008038,2014FA,2014RP,NULL
5008038,2015FA,2015RP,NULL
5008038,2015SP,2015RP,NULL
5008038,2015SU,2015RP,NULL
5025625,2020FA,2020PT,2020PT
5073656,2019FA,2019FT,2019FT
5017903,2014FA,2014FT,2014FT
5017903,2015SP,2015RP,NULL
5026939,2007FA,2007RF,NULL
5026939,2007SP,2007FT,NULL
5026939,2010SP,2010RP,NULL
5026939,2021FA,2021RF,NULL
5026939,2021SU,2021RP,NULL
5046585,2021FA,2021FT,2021FT
5075707,2019SU,2019RP,NULL
5065990,2004FA,2004PT,2004PT
5065990,2005FA,2005RF,NULL
5065990,2005SP,2005RP,NULL
5065990,2006SP,2006RF,NULL
5065990,2007FA,2007RF,NULL
5065990,2008SP,2008RF,NULL
5065990,2008SU,2008RP,NULL
5065990,2010FA,2010RF,NULL
5065990,2011SP,2011RF,NULL
5018206,2004SU,2004PT,NULL
5018206,2005FA,2005RP,NULL
5018206,2005SP,2005RP,NULL
5018206,2017FA,2017RP,NULL
5018206,2018FA,2018RP,NULL
5018206,2018SP,2018RP,NULL
5018206,2018SU,2018RP,NULL
5018206,2019SP,2019RP,NULL
5030968,2019FA,2019FT,2019FT
5019548,2012FA,2012FT,2012FT
5019548,2013FA,2013RF,NULL
5019548,2014FA,2014RP,NULL
5019548,2014SP,2014RP,NULL
5019548,2018FA,2018RP,NULL
5019548,2019SP,2019RF,NULL
5019548,2020SP,2020RF,NULL
5043589,2021FA,2021RP,NULL
5043704,2021FA,2021RP,NULL
5005626,2021FA,2021RF,NULL
5010910,2021FA,2021FT,2021FT
5018858,2021FA,2021TP,2021TP
5065990,2021FA,2021HP,NULL
5050303,2021FA,2021HP,NULL
5001697,2021FA,2021HP,NULL
5012285,2021FA,2021HP,NULL
5012285,2021SU,2021HP,NULL
5093830,2021FA,2021HP,NULL
5052619,2021FA,2021HP,NULL
5094864,2021SU,2021HP,NULL
5069315,2021FA,2021HP,NULL
5076838,2021FA,2021HP,NULL
5009348,2021FA,2021HP,NULL
5023447,2021FA,2021HP,NULL
5061503,2020SU,2020RP,NULL
5046814,2020SP,2020RF,NULL
5058370,2001SP,2001PT,NULL
5058370,2007FA,2007RF,NULL
5058370,2007SP,2007RF,NULL
5058370,2008FA,2008RF,NULL
5058370,2008SP,2008RF,NULL
5058370,2008SU,2008RP,NULL
5058370,2009FA,2009RF,NULL
5058370,2009SP,2009RF,NULL
5058370,2010FA,2010RP,NULL
5058370,2017FA,2017RP,NULL
5058370,2018FA,2018RP,NULL
5058370,2018SP,2018RP,NULL
5058370,2018SU,2018RP,NULL
5058370,2019SP,2019RP,NULL
5060208,2003FA,2003RF,NULL
5060208,2003SP,2003PT,NULL
5060208,2004FA,2004RF,NULL
5060208,2004SP,2004RF,NULL
5060208,2005SP,2005RF,NULL
5060208,2012FA,2012RF,NULL
5060208,2013FA,2013RF,NULL
5060208,2013SP,2013RF,NULL
5060208,2014FA,2014RF,NULL
5060208,2014SP,2014RF,NULL
5042767,2002FA,2002FT,2002FT
5042767,2003FA,2003RP,NULL
5042767,2003SP,2003RF,NULL
5042767,2003SU,2003RF,NULL
5042767,2005SP,2005RP,NULL
5042767,2005SU,2005RP,NULL
5042767,2006FA,2006RP,NULL
5042767,2006SP,2006RP,NULL
5042767,2010FA,2010RP,NULL
5042767,2010SU,2010RP,NULL
5042767,2018FA,2018RP,NULL
5042767,2019SP,2019RP,NULL
5052020,2007FA,2007FT,2007FT
5052020,2008FA,2008RF,NULL
5052020,2008SP,2008RF,NULL
5052020,2009FA,2009RF,NULL
5052020,2009SP,2009RF,NULL
5052020,2010SP,2010RF,NULL
5052020,2010SU,2010RP,NULL
5052020,2017FA,2017RP,NULL
5052020,2018FA,2018RP,NULL
5052020,2018SP,2018RP,NULL
5052020,2018SU,2018RP,NULL
5052020,2019SP,2019RP,NULL
5046814,2020FA,2020RF,NULL
5068003,2020FA,2020HP,NULL
5068265,2020FA,2020HP,NULL
5002272,2021FA,2021PT,2021PT
5051606,2021FA,2021FT,2021FT
5051985,2021FA,2021PT,2021PT
5060794,2021FA,2021FT,2021FT
5083620,2021FA,2021TF,2021TF
5050093,2021FA,2021TF,2021TF
5053556,2020SU,2020RP,NULL
5032731,2016FA,2016PT,2016PT
5032731,2017FA,2017RP,NULL
5032731,2017SP,2017RP,NULL
5032731,2018FA,2018RP,NULL
5032731,2018SP,2018RF,NULL
5032731,2019SP,2019RP,NULL
5032731,2020SP,2020RP,NULL
5073419,2020FA,2020FT,2020FT
5024035,2020FA,2020RF,NULL
5012868,2019SU,2019RP,NULL
5050978,2005FA,2005FT,2005FT
5060206,2020FA,2020HP,NULL
5050270,2021FA,2021FT,2021FT
5099522,2021FA,2021FT,2021FT
5097497,2021FA,2021FT,2021FT
5006349,2021FA,2021HP,NULL
5053971,2021FA,2021HP,NULL
5044005,2021FA,2021HP,NULL
5080380,2021SU,2021HP,NULL
5007848,2021FA,2021HP,NULL
5001380,2021FA,2021HP,NULL
5001380,2021SU,2021HP,NULL
5094023,2021FA,2021HP,NULL
5068082,2021FA,2021HP,NULL
5004749,2020FA,2020TF,2020TF
5043567,2006FA,2006FT,2006FT
5043567,2007FA,2007RP,NULL
5043567,2007SP,2007RF,NULL
5043567,2011FA,2011RP,NULL
5043567,2011SP,2011RP,NULL
5043567,2011SU,2011RP,NULL
5043567,2012SP,2012RF,NULL
5043567,2012SU,2012RP,NULL
5043567,2014FA,2014RP,NULL
5043567,2014SP,2014RP,NULL
5043567,2014SU,2014RP,NULL
5043567,2015FA,2015RF,NULL
5043567,2015SP,2015RP,NULL
5043567,2015SU,2015RP,NULL
5043567,2016SP,2016RF,NULL
5043567,2017FA,2017RP,NULL
5043567,2017SU,2017RP,NULL
5043567,2018FA,2018RP,NULL
5043567,2018SU,2018RP,NULL
5043567,2019SP,2019RF,NULL
5043567,2020SP,2020RP,NULL
5015775,2019FA,2019RF,NULL
5050209,2001FA,2001FT,2001FT
5050209,2002FA,2002RP,NULL
5050209,2002SP,2002RF,NULL
5050209,2002SU,2002RP,NULL
5050209,2003SP,2003RF,NULL
5050209,2011FA,2011RP,NULL
5050209,2012SP,2012RP,NULL
5050209,2020SP,2020RP,NULL
5090540,2020FA,2020PT,2020PT
5019274,2018FA,2018TF,2018TF
5019274,2019SP,2019RP,NULL
5019274,2020SP,2020RP,NULL
5075378,2021FA,2021PT,2021PT
5029047,2021FA,2021PT,2021PT
5031351,2021SU,2021PT,2021PT
5046540,2019SU,2019RP,NULL
5012511,2002SP,2002PT,NULL
5012511,2002SU,2002RP,NULL
5012511,2006FA,2006RP,NULL
5012511,2007SP,2007RP,NULL
5029629,2019FA,2019FT,2019FT
5033604,2019SU,2019RP,NULL
5000690,2019FA,2019FT,2019FT
5007106,2019FA,2019TP,2019TP
5084376,2020FA,2020HP,NULL
5001397,2020FA,2020HP,NULL
5070129,2019FA,2019HP,NULL
5012511,2021FA,2021RF,NULL
5012511,2021SU,2021RP,NULL
5081247,2021FA,2021PT,2021PT
5051471,2021FA,2021PT,2021PT
5045928,2021FA,2021HP,NULL
5081955,2021FA,2021HP,NULL
5080899,2021FA,2021HP,NULL
5016791,2021FA,2021HP,NULL
5079734,2021FA,2021HP,NULL
5086378,2021FA,2021HP,NULL
5050615,2021FA,2021HP,NULL
5061267,2001FA,2001FT,2001FT
5061267,2002FA,2002RF,NULL
5061267,2002SP,2002RF,NULL
5061267,2003FA,2003RF,NULL
5061267,2003SP,2003RF,NULL
5061267,2004SP,2004RF,NULL
5030391,2019FA,2019FT,2019FT
5034213,2020SU,2020RP,NULL
5092712,2020FA,2020RP,NULL
5069983,2020FA,2020HF,NULL
5060595,2020FA,2020HP,NULL
5073768,2020FA,2020HP,NULL
5050753,2020FA,2020HP,NULL
5028274,2019FA,2019RP,NULL
5028274,2019SU,2019RP,NULL
5020143,2021FA,2021RP,NULL
5020143,2021SU,2021RP,NULL
5034213,2021FA,2021RF,NULL
5034213,2021SU,2021RP,NULL
5022112,2021FA,2021TF,2021TF
5065027,2021FA,2021TP,2021TP
5028378,2021SU,2021TP,2021TP
5093161,2021FA,2021HP,NULL
5089527,2021FA,2021HP,NULL
5088517,2021FA,2021HP,NULL
5008905,2021FA,2021HP,NULL
5023146,2019SU,2019RP,NULL
5047875,2013FA,2013TP,2013TP
5047875,2014FA,2014RP,NULL
5047875,2014SP,2014RP,NULL
5047875,2014SU,2014RP,NULL
5047875,2015SP,2015RP,NULL
5047875,2020SP,2020RP,NULL
5044485,2020FA,2020RF,NULL
5038872,2020FA,2020RF,NULL
5013150,2019FA,2019PT,2019PT
5054263,2020SU,2020RP,NULL
5060786,2003FA,2003PT,2003PT
5060786,2011FA,2011RF,NULL
5060786,2011SP,2011RF,NULL
5060786,2011SU,2011RF,NULL
5060786,2012FA,2012RF,NULL
5060786,2012SP,2012RF,NULL
5060786,2013FA,2013RP,NULL
5060786,2013SP,2013RF,NULL
5060786,2013SU,2013RP,NULL
5060786,2014FA,2014RP,NULL
5060786,2017SP,2017RP,NULL
5054263,2019FA,2019FT,2019FT
5084245,2019FA,2019HP,NULL
5060786,2021FA,2021RP,NULL
5073540,2021FA,2021RP,NULL
5004328,2021FA,2021FT,2021FT
5059771,2021FA,2021PT,2021PT
5049805,2021SU,2021TP,2021TP
5020928,2021FA,2021HP,NULL
5012566,2021FA,2021HP,NULL
5084245,2021SU,2021HP,NULL
5070860,2021FA,2021HP,NULL
5035199,2021FA,2021HP,NULL
5035199,2021SU,2021HP,NULL
5096089,2021SU,2021HP,NULL
5049274,2021SU,2021HP,NULL
5077343,2021FA,2021HP,NULL
5078754,2021FA,2021HP,NULL
5071982,2021FA,2021HP,NULL
5090459,2021FA,2021HP,NULL
5094537,2021FA,2021HP,NULL
5014868,1998FA,1998PT,1998PT
5014868,1999SP,1999RP,NULL
5082938,2020FA,2020RF,NULL
5003388,2020FA,2020RP,NULL
5025183,2019SP,2019TP,NULL
5043799,2016FA,2016FT,2016FT
5043799,2017SP,2017RF,NULL
5043799,2018FA,2018RF,NULL
5084123,2018FA,2018TF,2018TF
5084123,2019SP,2019RP,NULL
5096373,2016FA,2016FT,2016FT
5096373,2017FA,2017RF,NULL
5096373,2017SP,2017RF,NULL
5096373,2017SU,2017RP,NULL
5096373,2018SP,2018RF,NULL
5080766,2020SU,2020RP,NULL
5009131,2000FA,2000RF,NULL
5009131,2000SP,2000FT,NULL
5009131,2000SU,2000RF,NULL
5009131,2001FA,2001RF,NULL
5009131,2001SP,2001RF,NULL
5009131,2001SU,2001RP,NULL
5009131,2002FA,2002RP,NULL
5009131,2003FA,2003RP,NULL
5009131,2003SP,2003RP,NULL
5009131,2004SP,2004RP,NULL
5009131,2011SP,2011RF,NULL
5009131,2011SU,2011RP,NULL
5009131,2012FA,2012RP,NULL
5009131,2012SP,2012RF,NULL
5009131,2013FA,2013RP,NULL
5009131,2013SP,2013RP,NULL
5009131,2013SU,2013RP,NULL
5009131,2014SP,2014RP,NULL
5022008,2010FA,2010PT,2010PT
5022008,2011FA,2011RP,NULL
5022008,2012SU,2012RP,NULL
5022008,2013FA,2013RF,NULL
5022008,2019SP,2019RP,NULL
5006440,2019FA,2019TF,2019TF
5006440,2020FA,2020RF,NULL
5086533,2016FA,2016FT,2016FT
5086533,2017SP,2017RP,NULL
5086533,2018FA,2018RP,NULL
5030356,2018FA,2018FT,2018FT
5030356,2019SP,2019RF,NULL
5030356,2020SP,2020RP,NULL
5040862,2020FA,2020RF,NULL
5025728,2019FA,2019RF,NULL
5025728,2019SU,2019RP,NULL
5083237,2020FA,2020RP,NULL
5080718,2016FA,2016PT,2016PT
5080718,2017FA,2017RF,NULL
5080718,2017SP,2017RF,NULL
5080718,2017SU,2017RP,NULL
5080718,2018FA,2018RF,NULL
5080718,2018SP,2018RF,NULL
5080814,2020FA,2020RF,NULL
5041962,2016FA,2016FT,2016FT
5041962,2017SP,2017RF,NULL
5041962,2018FA,2018RP,NULL
5041962,2018SP,2018RF,NULL
5041962,2018SU,2018RP,NULL
5041962,2019SP,2019RP,NULL
5098918,2016FA,2016PT,2016PT
5098918,2017FA,2017RP,NULL
5098918,2017SP,2017RP,NULL
5098918,2018FA,2018RP,NULL
5007713,2021SU,2021TP,2021TP
5089041,2021FA,2021HP,NULL
5089041,2021SU,2021HP,NULL
5018862,2021FA,2021HP,NULL
5025706,2021FA,2021HP,NULL
5039375,2021FA,2021HP,NULL
5091996,2021FA,2021HP,NULL
5038574,2021SU,2021HP,NULL
5057203,2021FA,2021HP,NULL
5027198,2021FA,2021HP,NULL
5043181,2002FA,2002PT,2002PT
5043181,2003FA,2003RF,NULL
5043181,2003SP,2003RP,NULL
5043181,2003SU,2003RP,NULL
5043181,2004SP,2004RP,NULL
5043181,2006FA,2006RP,NULL
5043181,2007FA,2007RP,NULL
5043181,2008FA,2008RP,NULL
5043181,2008SP,2008RF,NULL
5043181,2008SU,2008RP,NULL
5043181,2010SP,2010RF,NULL
5098960,2019FA,2019RF,NULL
5043114,2014FA,2014TF,2014TF
5043114,2015SP,2015RF,NULL
5093866,2020SP,2020FT,NULL
5039804,2019SU,2019RP,NULL
5045979,2019FA,2019TF,2019TF
5045979,2020FA,2020RF,NULL
5060828,2020SU,2020RF,NULL
5061994,2005FA,2005PT,2005PT
5061994,2006SP,2006RF,NULL
5061994,2009FA,2009RP,NULL
5007905,2021SU,2021HP,NULL
5050581,2021FA,2021HP,NULL
5083959,2017FA,2017TF,2017TF
5083959,2018FA,2018RF,NULL
5083959,2018SP,2018RF,NULL
5083959,2019SP,2019RP,NULL
5043589,2016FA,2016PT,2016PT
5043589,2017SP,2017RP,NULL
5043589,2017SU,2017RP,NULL
5043589,2020SP,2020RP,NULL
5043704,2006FA,2006FT,2006FT
5043704,2007FA,2007RP,NULL
5043704,2007SP,2007RP,NULL
5043704,2008FA,2008RP,NULL
5043704,2008SP,2008RP,NULL
5043704,2009SP,2009RP,NULL
5043704,2015FA,2015RP,NULL
5043704,2015SP,2015RP,NULL
5043704,2016FA,2016RP,NULL
5043704,2016SP,2016RP,NULL
5043704,2016SU,2016RP,NULL
5043704,2017FA,2017RP,NULL
5043704,2017SP,2017RP,NULL
5043704,2017SU,2017RP,NULL
5043704,2018SP,2018RP,NULL
5017545,2017FA,2017TP,2017TP
5017545,2020SP,2020RP,NULL
5073023,2012SP,2012PT,NULL
5073023,2017FA,2017RP,NULL
5073023,2017SP,2017RP,NULL
5073023,2018FA,2018RP,NULL
5073023,2018SP,2018RP,NULL
5073023,2019SP,2019RP,NULL
5039555,2013SP,2013PT,NULL
5039555,2014FA,2014RP,NULL
5065062,2015SU,2015PT,NULL
5065062,2019SP,2019RP,NULL
5038335,2013FA,2013RP,NULL
5038335,2013SP,2013TP,NULL
5038335,2014FA,2014RP,NULL
5038335,2014SP,2014RP,NULL
5038335,2015FA,2015RP,NULL
5074145,2019FA,2019RF,NULL
5074145,2019SU,2019RP,NULL
5080766,2019FA,2019RP,NULL
5042348,2017FA,2017FT,2017FT
5042348,2018FA,2018RF,NULL
5042348,2018SP,2018RF,NULL
5042348,2018SU,2018RP,NULL
5042348,2019SP,2019RF,NULL
5022547,2018FA,2018FT,2018FT
5080766,2017FA,2017PT,2017PT
5080766,2018FA,2018RF,NULL
5080766,2018SP,2018RF,NULL
5080766,2018SU,2018RP,NULL
5080766,2019SP,2019RP,NULL
5022224,2012FA,2012RP,NULL
5022224,2012SP,2012TF,NULL
5022224,2012SU,2012RF,NULL
5018025,2014SP,2014TP,NULL
5018025,2020SP,2020RP,NULL
5082904,2012FA,2012FT,2012FT
5082904,2013SP,2013RF,NULL
5082904,2016FA,2016RF,NULL
5082904,2017FA,2017RF,NULL
5082904,2017SP,2017RF,NULL
5082904,2018FA,2018RP,NULL
5082904,2018SU,2018RP,NULL
5024035,2019FA,2019RP,NULL
5038335,2015SP,2015RP,NULL
5038335,2018FA,2018RF,NULL
5077888,2015FA,2015TP,2015TP
5077888,2018FA,2018RP,NULL
5077888,2019SP,2019RP,NULL
5000443,2015FA,2015RP,NULL
5000443,2015SP,2015TF,NULL
5000443,2015SU,2015RP,NULL
5000443,2016FA,2016RF,NULL
5000443,2016SP,2016RP,NULL
5000443,2017FA,2017RP,NULL
5000443,2017SU,2017RP,NULL
5000443,2018FA,2018RP,NULL
5000443,2018SP,2018RP,NULL
5000443,2019SP,2019RP,NULL
5095732,2013FA,2013TP,2013TP
5095732,2014FA,2014RP,NULL
5095732,2014SP,2014RP,NULL
5095732,2014SU,2014RP,NULL
5095732,2015FA,2015RP,NULL
5095732,2015SP,2015RP,NULL
5095732,2015SU,2015RP,NULL
5095732,2016FA,2016RP,NULL
5095732,2016SP,2016RP,NULL
5095732,2016SU,2016RP,NULL
5095732,2017FA,2017RP,NULL
5095732,2017SP,2017RP,NULL
5095732,2017SU,2017RP,NULL
5095732,2018FA,2018RP,NULL
5095732,2018SP,2018RP,NULL
5095732,2018SU,2018RP,NULL
5095732,2019SP,2019RP,NULL
5030968,2020FA,2020RP,NULL
5030968,2020SU,2020RP,NULL
5059335,2019FA,2019RF,NULL
5056574,2016FA,2016FT,2016FT
5056574,2017FA,2017RF,NULL
5056574,2017SP,2017RF,NULL
5056574,2018FA,2018RF,NULL
5056574,2018SP,2018RF,NULL
5056574,2020SP,2020RP,NULL
5008856,2019FA,2019RF,NULL
5097675,2021SU,2021HP,NULL
5022456,2021FA,2021HP,NULL
5028816,2021FA,2021HP,NULL
5031342,2021FA,2021HP,NULL
5095661,2021SU,2021HP,NULL
5012773,2021FA,2021HP,NULL
5080575,2021SU,2021HP,NULL
5092602,2021FA,2021HP,NULL
5027212,2021FA,2021HP,NULL
5040660,2006FA,2006RP,NULL
5040660,2006SP,2006PT,NULL
5040660,2006SU,2006RP,NULL
5040660,2007SP,2007RP,NULL
5040660,2007SU,2007RP,NULL
5040660,2008SP,2008RP,NULL
5040660,2009FA,2009RP,NULL
5040660,2009SP,2009RP,NULL
5040660,2010FA,2010RP,NULL
5040660,2010SP,2010RP,NULL
5040660,2011FA,2011RP,NULL
5040660,2011SP,2011RP,NULL
5040660,2012FA,2012RP,NULL
5040660,2018FA,2018RP,NULL
5072799,2019FA,2019PT,2019PT
5089610,2020SP,2020RP,NULL
5002564,2016FA,2016FT,2016FT
5002564,2017FA,2017RF,NULL
5002564,2017SP,2017RF,NULL
5069983,2021FA,2021HP,NULL
5009739,2021SU,2021HP,NULL
5094874,2021FA,2021HP,NULL
5020143,2017SU,2017TP,NULL
5020143,2018SP,2018RP,NULL
5028274,2010FA,2010FT,2010FT
5028274,2011FA,2011RF,NULL
5028274,2017SP,2017RF,NULL
5028274,2018SP,2018RF,NULL
5028274,2019SP,2019RP,NULL
5028274,2020SP,2020RF,NULL
5009521,2020SU,2020RP,NULL
5043342,2018FA,2018PT,2018PT
5043342,2019SP,2019RP,NULL
5022954,2016FA,2016FT,2016FT
5022954,2017FA,2017RP,NULL
5022954,2017SP,2017RF,NULL
5022954,2018FA,2018RP,NULL
5022954,2018SP,2018RP,NULL
5022954,2018SU,2018RP,NULL
5005483,2019FA,2019FT,2019FT
5022954,2019SP,2019RP,NULL
5022954,2020SP,2020RP,NULL
5037174,2017FA,2017RF,NULL
5037174,2017SP,2017TF,NULL
5037174,2017SU,2017RP,NULL
5037174,2018FA,2018RP,NULL
5037174,2018SP,2018RF,NULL
5037174,2018SU,2018RP,NULL
5037174,2019SP,2019RF,NULL
5051104,2019FA,2019TF,2019TF
5067678,2018FA,2018FT,2018FT
5067678,2019SP,2019RP,NULL
5078504,2019FA,2019TP,2019TP
5093003,2019FA,2019FT,2019FT
5098960,2019SP,2019TF,NULL
5015151,2019FA,2019RF,NULL
5069172,2020FA,2020RF,NULL
5069854,2019FA,2019PT,2019PT
5057287,2019FA,2019PT,2019PT
5033232,2018FA,2018FT,2018FT
5033232,2019SP,2019RF,NULL
5083524,2020SU,2020RP,NULL
5029323,2020SU,2020RP,NULL
5077835,2017FA,2017FT,2017FT
5077835,2018FA,2018RF,NULL
5077835,2018SP,2018RF,NULL
5077835,2018SU,2018RP,NULL
5077835,2019SP,2019RF,NULL
5039804,2017FA,2017FT,2017FT
5039804,2018FA,2018RF,NULL
5039804,2018SP,2018RP,NULL
5039804,2018SU,2018RP,NULL
5039804,2019SP,2019RF,NULL
5039804,2020SP,2020RP,NULL
5080053,2019FA,2019TP,2019TP
5034213,2019FA,2019RF,NULL
5083569,2020FA,2020RF,NULL
5083569,2020SU,2020RP,NULL
5005483,2020FA,2020RF,NULL
5005483,2020SU,2020RP,NULL
5005483,2020SP,2020RF,NULL
5072321,2019FA,2019TF,2019TF
5034213,2012SP,2012PT,NULL
5034213,2020SP,2020RF,NULL
5010090,2017FA,2017PT,2017PT
5010090,2018FA,2018RF,NULL
5010090,2018SP,2018RP,NULL
5010090,2019SP,2019RF,NULL
5092712,2012FA,2012FT,2012FT
5092712,2014FA,2014RF,NULL
5092712,2016FA,2016RF,NULL
5092712,2017FA,2017RF,NULL
5092712,2017SP,2017RF,NULL
5092712,2017SU,2017RP,NULL
5092712,2018SP,2018RP,NULL
5082152,2019FA,2019PT,2019PT
5099347,2018FA,2018PT,2018PT
5099347,2019SP,2019RF,NULL
5099347,2020SP,2020RP,NULL
5033452,2019FA,2019RF,NULL
5012521,2018FA,2018FT,2018FT
5012521,2019SP,2019RP,NULL
5033452,2017FA,2017FT,2017FT
5033452,2018FA,2018RF,NULL
5033452,2018SP,2018RF,NULL
5033452,2019SP,2019RF,NULL
5033452,2020SP,2020RP,NULL
5099347,2019FA,2019RP,NULL
5008856,2018FA,2018FT,2018FT
5008856,2019SP,2019RF,NULL
5008856,2020SP,2020RP,NULL
5007876,2017FA,2017FT,2017FT
5007876,2018FA,2018RF,NULL
5007876,2018SP,2018RF,NULL
5077804,2010FA,2010TF,2010TF
5077804,2011FA,2011RP,NULL
5077804,2011SP,2011RF,NULL
5077804,2012FA,2012RF,NULL
5077804,2012SP,2012RF,NULL
5077804,2012SU,2012RP,NULL
5077804,2013SP,2013RF,NULL
5026830,2019SP,2019PT,NULL
5066535,2019FA,2019FT,2019FT
5065375,2020FA,2020RF,NULL
5002564,2018FA,2018RF,NULL
5002564,2018SP,2018RF,NULL
5002564,2019SP,2019RP,NULL
5040278,2016FA,2016FT,2016FT
5040278,2017FA,2017RP,NULL
5040278,2017SP,2017RF,NULL
5040278,2018FA,2018RP,NULL
5040278,2018SP,2018RP,NULL
5040278,2019SP,2019RP,NULL
5049543,2020SP,2020RP,NULL
5012708,2017FA,2017FT,2017FT
5012708,2018SP,2018RF,NULL
5066419,2020FA,2020RP,NULL
5039482,2017FA,2017FT,2017FT
5039482,2018FA,2018RF,NULL
5039482,2018SP,2018RF,NULL
5039482,2019SP,2019RF,NULL
5014619,2019FA,2019FT,2019FT
5002298,2013FA,2013TF,2013TF
5002298,2014FA,2014RF,NULL
5002298,2014SP,2014RF,NULL
5002298,2015FA,2015RF,NULL
5002298,2015SP,2015RF,NULL
5002298,2016SP,2016RP,NULL
5002298,2016SU,2016RP,NULL
5002298,2018FA,2018RF,NULL
5023355,2016FA,2016PT,2016PT
5082908,2017FA,2017FT,2017FT
5082908,2018FA,2018RF,NULL
5082908,2018SP,2018RF,NULL
5082908,2018SU,2018RP,NULL
5082908,2019SP,2019RF,NULL
5070937,2019FA,2019RF,NULL
5070937,2019SU,2019RP,NULL
5076260,2017FA,2017PT,2017PT
5076260,2018FA,2018RP,NULL
5076260,2018SU,2018RP,NULL
5080576,2017FA,2017FT,2017FT
5080576,2018FA,2018RF,NULL
5080576,2018SP,2018RF,NULL
5080576,2018SU,2018RP,NULL
5080576,2019SP,2019RP,NULL
5080576,2020SP,2020RP,NULL
5090111,2020FA,2020RF,NULL
5030681,2016FA,2016PT,2016PT
5030681,2017SP,2017RP,NULL
5030681,2018FA,2018RP,NULL
5030681,2019SP,2019RF,NULL
5030681,2020SP,2020RP,NULL
5038512,2021SU,2021HP,NULL
5011882,2021FA,2021HP,NULL
5068003,2021FA,2021HP,NULL
5027968,2021FA,2021HP,NULL
5044169,2021FA,2021HP,NULL
5082977,2021FA,2021HP,NULL
5083618,2020FA,2020RP,NULL
5074814,2019FA,2019TF,2019TF
5049879,2019FA,2019FT,2019FT
5062722,2019FA,2019TP,2019TP
5019549,2016SU,2016PT,NULL
5019549,2017FA,2017RP,NULL
5019549,2017SU,2017RP,NULL
5019549,2018SU,2018RP,NULL
5019549,2019SP,2019RP,NULL
5019549,2020SP,2020RP,NULL
5031433,2019SU,2019RP,NULL
5054233,2020FA,2020RF,NULL
5056593,2019FA,2019RP,NULL
5056593,2019SU,2019RP,NULL
5065843,2016FA,2016RP,NULL
5065843,2016SP,2016TP,NULL
5065843,2016SU,2016RP,NULL
5065843,2017FA,2017RP,NULL
5065843,2017SP,2017RP,NULL
5065843,2017SU,2017RP,NULL
5065843,2018FA,2018RP,NULL
5065843,2018SP,2018RP,NULL
5065843,2019SP,2019RP,NULL
5010314,2020FA,2020FT,2020FT
5045707,2020FA,2020FT,2020FT
5045363,2019FA,2019TF,2019TF
5090986,2020FA,2020PT,2020PT
5080766,2020SP,2020RF,NULL
5074145,2018FA,2018FT,2018FT
5074145,2019SP,2019RF,NULL
5074145,2020SP,2020RF,NULL
5072321,2020FA,2020RF,NULL
5048776,2016SP,2016TF,NULL
5048776,2018FA,2018RP,NULL
5048776,2019SP,2019RP,NULL
5048776,2020SP,2020RP,NULL
5089428,2019FA,2019FT,2019FT
5022937,2019FA,2019TF,2019TF
5028141,2019FA,2019FT,2019FT
5012454,2013FA,2013TP,2013TP
5012454,2014SP,2014RF,NULL
5012454,2020SP,2020RF,NULL
5087313,2015FA,2015FT,2015FT
5087313,2016FA,2016RF,NULL
5087313,2016SP,2016RF,NULL
5087313,2017FA,2017RF,NULL
5087313,2017SP,2017RP,NULL
5087313,2018FA,2018RP,NULL
5087313,2018SP,2018RP,NULL
5087313,2018SU,2018RP,NULL
5087313,2019SP,2019RF,NULL
5016093,2020FA,2020FT,2020FT
5007085,2017FA,2017TF,2017TF
5007085,2018FA,2018RP,NULL
5007085,2018SP,2018RP,NULL
5007085,2018SU,2018RP,NULL
5007085,2019SP,2019RP,NULL
5026068,2011FA,2011RP,NULL
5026068,2011SP,2011FT,NULL
5026068,2012FA,2012RP,NULL
5026068,2013SP,2013RP,NULL
5026068,2014FA,2014RP,NULL
5026068,2019SP,2019RP,NULL
5026068,2020SP,2020RP,NULL
5092292,2020FA,2020RP,NULL
5093319,2018FA,2018FT,2018FT
5093319,2019SP,2019RP,NULL
5059859,2019SP,2019PT,NULL
5028487,2021FA,2021HP,NULL
5028487,2021SU,2021HP,NULL
5060882,2021FA,2021HP,NULL
5047873,2021FA,2021HP,NULL
5047873,2021SU,2021HP,NULL
5040828,2021FA,2021HP,NULL
5040828,2021SU,2021HP,NULL
5093106,2021FA,2021HP,NULL
5086898,2021FA,2021HF,NULL
5030986,2004SP,2004FT,NULL
5030986,2005SP,2005RF,NULL
5030986,2007FA,2007RF,NULL
5030986,2018FA,2018RP,NULL
5075533,2020FA,2020RP,NULL
5065375,2020SU,2020RP,NULL
5008727,2013FA,2013FT,2013FT
5008727,2017FA,2017RP,NULL
5008727,2020SP,2020RF,NULL
5062924,2010FA,2010TF,2010TF
5062924,2011SP,2011RF,NULL
5062924,2011SU,2011RF,NULL
5062924,2017FA,2017RP,NULL
5062924,2017SU,2017RP,NULL
5062924,2018FA,2018RP,NULL
5062924,2018SU,2018RP,NULL
5062924,2019SP,2019RF,NULL
5062924,2020SP,2020RF,NULL
5086468,2009FA,2009PT,2009PT
5086468,2010FA,2010RF,NULL
5086468,2010SP,2010RP,NULL
5086468,2013SP,2013RF,NULL
5086468,2020SP,2020RF,NULL
5079892,2019FA,2019PT,2019PT
5051368,2012SP,2012PT,NULL
5051368,2013FA,2013RP,NULL
5051368,2014FA,2014RP,NULL
5051368,2014SU,2014RP,NULL
5051368,2018FA,2018RF,NULL
5051368,2018SU,2018RP,NULL
5051368,2019SP,2019RP,NULL
5051368,2020SP,2020RP,NULL
5007876,2018SU,2018RP,NULL
5007876,2019SP,2019RF,NULL
5008727,2019FA,2019RF,NULL
5082152,2020SP,2020RF,NULL
5061267,2010FA,2010RF,NULL
5061267,2011SP,2011RF,NULL
5061267,2012FA,2012RF,NULL
5061267,2012SP,2012RP,NULL
5061267,2012SU,2012RP,NULL
5074377,2019FA,2019RP,NULL
5029759,2019SU,2019RP,NULL
5096243,2020FA,2020PT,2020PT
5076404,2019SU,2019PT,2019PT
5009590,2019FA,2019TP,2019TP
5014985,2017FA,2017PT,2017PT
5014985,2018FA,2018RF,NULL
5014985,2018SP,2018RF,NULL
5014985,2019SP,2019RF,NULL
5014985,2020SP,2020RP,NULL
5029629,2020FA,2020RF,NULL
5099693,2019FA,2019RF,NULL
5099693,2019SU,2019RP,NULL
5037035,2020SP,2020RF,NULL
5088014,2019FA,2019FT,2019FT
5074377,2016FA,2016PT,2016PT
5074377,2017FA,2017RP,NULL
5074377,2017SP,2017RP,NULL
5074377,2017SU,2017RP,NULL
5074377,2018FA,2018RP,NULL
5074377,2018SP,2018RP,NULL
5074377,2018SU,2018RP,NULL
5074377,2019SP,2019RP,NULL
5074377,2020SP,2020RP,NULL
5040676,2021FA,2021HP,NULL
5047703,2021FA,2021HP,NULL
5026379,2021FA,2021HP,NULL
5021254,2021SU,2021HP,NULL
5057349,2021FA,2021HP,NULL
5074007,2021FA,2021HP,NULL
5005942,2021FA,2021HP,NULL
5073540,2005SU,2005FT,NULL
5073540,2011FA,2011RF,NULL
5073540,2012FA,2012RF,NULL
5073540,2012SP,2012RF,NULL
5073540,2012SU,2012RP,NULL
5073540,2014FA,2014RF,NULL
5045480,2011FA,2011TP,2011TP
5045480,2012FA,2012RF,NULL
5045480,2012SP,2012RF,NULL
5045480,2012SU,2012RP,NULL
5045480,2013SP,2013RF,NULL
5045480,2018FA,2018RP,NULL
5045480,2019SP,2019RF,NULL
5077986,2019FA,2019RF,NULL
5077986,2019SU,2019RP,NULL
5069953,2016FA,2016FT,2016FT
5069953,2017FA,2017RF,NULL
5069953,2017SP,2017RF,NULL
5069953,2017SU,2017RP,NULL
5069953,2018SP,2018RF,NULL
5018269,2020SP,2020RF,NULL
5070099,2018FA,2018PT,2018PT
5023355,2017FA,2017RP,NULL
5023355,2017SP,2017RP,NULL
5023355,2018FA,2018RP,NULL
5023355,2018SP,2018RP,NULL
5023355,2019SP,2019RP,NULL
5023355,2020SP,2020RP,NULL
5038648,2019FA,2019FT,2019FT
5018198,2020FA,2020FT,2020FT
5096378,2017FA,2017TF,2017TF
5096378,2018FA,2018RF,NULL
5096378,2018SP,2018RF,NULL
5096378,2018SU,2018RP,NULL
5096378,2019SP,2019RP,NULL
5001455,2016FA,2016PT,2016PT
5001455,2017FA,2017RP,NULL
5001455,2017SP,2017RP,NULL
5001455,2018FA,2018RP,NULL
5014619,2020FA,2020RF,NULL
5015515,2019FA,2019FT,2019FT
5035886,2014FA,2014RF,NULL
5035886,2014SP,2014FT,NULL
5035886,2015FA,2015RP,NULL
5035886,2015SP,2015RF,NULL
5035886,2017FA,2017RF,NULL
5035886,2018SP,2018RF,NULL
5032437,2017FA,2017TP,2017TP
5032437,2018FA,2018RP,NULL
5032437,2018SP,2018RP,NULL
5062553,2020FA,2020TP,2020TP
5091777,2019FA,2019TF,2019TF
5046292,2019FA,2019FT,2019FT
5099121,2018FA,2018FT,2018FT
5080576,2019FA,2019RP,NULL
5080576,2019SU,2019RP,NULL
5019109,2018FA,2018RF,NULL
5019109,2018SP,2018TF,NULL
5019109,2018SU,2018RP,NULL
5070937,2018FA,2018RF,NULL
5070937,2018SP,2018TP,NULL
5070937,2019SP,2019RP,NULL
5070937,2020SP,2020RF,NULL
5082938,2018FA,2018FT,2018FT
5082938,2019SP,2019RF,NULL
5082938,2020SP,2020RP,NULL
5030681,2020FA,2020RP,NULL
5084123,2019FA,2019RP,NULL
5084123,2019SU,2019RP,NULL
5096373,2019FA,2019RF,NULL
5069281,2019FA,2019HF,NULL
5084123,2020FA,2020RP,NULL
5090111,2020SP,2020RF,NULL
5091104,2019FA,2019RP,NULL
5034922,2018FA,2018PT,2018PT
5034922,2019SP,2019RF,NULL
5056504,2019FA,2019FT,2019FT
5016704,2020FA,2020FT,2020FT
5096089,2019SU,2019TP,NULL
5031044,2019FA,2019TF,2019TF
5037876,2019FA,2019FT,2019FT
5091777,2020SU,2020RP,NULL
5095886,2018FA,2018PT,2018PT
5072448,2015FA,2015FT,2015FT
5072448,2016SP,2016RF,NULL
5097489,2013FA,2013PT,2013PT
5064274,2019FA,2019FT,2019FT
5020340,2019FA,2019RP,NULL
5020340,2019SU,2019RP,NULL
5023695,2018FA,2018FT,2018FT
5023695,2019SP,2019RF,NULL
5023695,2020SP,2020RP,NULL
5053395,2019FA,2019RP,NULL
5013890,2019FA,2019FT,2019FT
5096254,2017FA,2017RP,NULL
5096254,2017SP,2017TP,NULL
5096254,2018FA,2018RP,NULL
5096254,2018SP,2018RP,NULL
5096254,2019SP,2019RP,NULL
5054582,2019SU,2019RP,NULL
5040532,2020FA,2020RP,NULL
5066845,2017FA,2017FT,2017FT
5066845,2018FA,2018RF,NULL
5066845,2018SP,2018RF,NULL
5066845,2018SU,2018RP,NULL
5066845,2019SP,2019RP,NULL
5087736,2020FA,2020RP,NULL
5077384,2017FA,2017RF,NULL
5077384,2017SP,2017TF,NULL
5077384,2017SU,2017RF,NULL
5077384,2018FA,2018RF,NULL
5077384,2018SP,2018RF,NULL
5038512,2011FA,2011TP,2011TP
5014480,2012FA,2012RF,NULL
5014480,2012SP,2012FT,NULL
5014480,2013FA,2013RF,NULL
5014480,2013SP,2013RF,NULL
5014480,2014SP,2014RF,NULL
5014480,2018FA,2018RP,NULL
5014480,2019SP,2019RP,NULL
5034199,2013FA,2013FT,2013FT
5034199,2014FA,2014RP,NULL
5034199,2014SP,2014RF,NULL
5034199,2014SU,2014RP,NULL
5034199,2018SU,2018RP,NULL
5092520,2017FA,2017TF,2017TF
5092520,2018FA,2018RP,NULL
5092520,2018SP,2018RF,NULL
5092520,2018SU,2018RP,NULL
5092520,2019SP,2019RF,NULL
5054582,2017FA,2017FT,2017FT
5054582,2018FA,2018RF,NULL
5054582,2018SP,2018RF,NULL
5054582,2018SU,2018RP,NULL
5054582,2019SP,2019RF,NULL
5083618,2020SU,2020RP,NULL
5031433,2020FA,2020RP,NULL
5096254,2019SU,2019RP,NULL
5013890,2020SP,2020RF,NULL
5053395,2019SP,2019PT,NULL
5053395,2020SP,2020RF,NULL
5031672,2019FA,2019RF,NULL
5056593,2020FA,2020RF,NULL
5056593,2020SU,2020RP,NULL
5020340,2017FA,2017FT,2017FT
5020340,2018FA,2018RF,NULL
5020340,2018SP,2018RF,NULL
5020340,2018SU,2018RP,NULL
5020340,2019SP,2019RF,NULL
5013890,2020FA,2020RF,NULL
5056593,2018FA,2018PT,2018PT
5056593,2019SP,2019RF,NULL
5056593,2020SP,2020RF,NULL
5053395,2020FA,2020RF,NULL
5023695,2019FA,2019RF,NULL
5023695,2019SU,2019RP,NULL
5041962,2019FA,2019RP,NULL
5041962,2019SU,2019RP,NULL
5054473,2017FA,2017TF,2017TF
5054473,2018FA,2018RF,NULL
5054473,2018SP,2018RF,NULL
5054473,2018SU,2018RP,NULL
5054473,2019SP,2019RP,NULL
5025728,2018FA,2018FT,2018FT
5025728,2019SP,2019RF,NULL
5025728,2020SP,2020RF,NULL
5025728,2020FA,2020RP,NULL
5074145,2020FA,2020RF,NULL
5015039,2017FA,2017TF,2017TF
5015039,2018FA,2018RF,NULL
5015039,2018SU,2018RP,NULL
5093676,2018FA,2018PT,2018PT
5093676,2019SP,2019RP,NULL
5030356,2019FA,2019RP,NULL
5053556,2018FA,2018FT,2018FT
5053556,2019SP,2019RF,NULL
5053556,2020SP,2020RP,NULL
5080814,2018FA,2018RF,NULL
5080814,2018SP,2018TF,NULL
5080814,2018SU,2018RP,NULL
5080814,2019SP,2019RF,NULL
5080814,2020SP,2020RF,NULL
5013821,2019SU,2019RP,NULL
5076449,2019SU,2019RP,NULL
5040862,2019SP,2019TF,NULL
5040862,2020SP,2020RF,NULL
5064172,2019FA,2019FT,2019FT
5075430,2019FA,2019RP,NULL
5063966,2019FA,2019TP,2019TP
5061477,2012FA,2012RP,NULL
5061477,2012SP,2012TP,NULL
5061477,2012SU,2012RP,NULL
5093161,2012FA,2012PT,2012PT
5093161,2013SP,2013RF,NULL
5093161,2014FA,2014RF,NULL
5093161,2015FA,2015RF,NULL
5093161,2015SP,2015RF,NULL
5093161,2016SP,2016RP,NULL
5069352,2019FA,2019FT,2019FT
5047773,2018FA,2018RF,NULL
5047773,2018SP,2018TF,NULL
5047773,2019SP,2019RF,NULL
5047773,2020SP,2020RP,NULL
5005421,2020SP,2020RF,NULL
5083569,2019SP,2019TP,NULL
5083569,2020SP,2020RP,NULL
5048776,2019FA,2019RP,NULL
5043342,2019FA,2019RP,NULL
5022954,2019FA,2019RP,NULL
5022954,2019SU,2019RP,NULL
5022954,2020FA,2020RP,NULL
5019047,2019FA,2019HP,NULL
5059060,2019FA,2019HP,NULL
5005421,2019FA,2019TF,2019TF
5070376,2020SU,2020RP,NULL
5070376,2019FA,2019RF,NULL
5070376,2019SU,2019RP,NULL
5061477,2019SU,2019RP,NULL
5005421,2020FA,2020RF,NULL
5005421,2020SU,2020RP,NULL
5013422,2018FA,2018TP,2018TP
5047773,2019FA,2019RP,NULL
5077660,2018FA,2018PT,2018PT
5077660,2019SP,2019RP,NULL
5069352,2020SP,2020RF,NULL
5048776,2020FA,2020RP,NULL
5030391,2020SP,2020RF,NULL
5086636,2012FA,2012FT,2012FT
5086636,2013SP,2013RF,NULL
5086636,2015FA,2015RF,NULL
5086636,2016FA,2016RF,NULL
5086636,2016SP,2016RF,NULL
5086636,2017FA,2017RF,NULL
5086636,2017SP,2017RF,NULL
5086636,2020SP,2020RP,NULL
5045574,2019FA,2019FT,2019FT
5060447,2018FA,2018TF,2018TF
5060447,2019SP,2019RF,NULL
5060447,2020SP,2020RP,NULL
5012454,2019FA,2019RF,NULL
5033232,2019FA,2019RF,NULL
5033232,2019SU,2019RP,NULL
5012454,2019SU,2019RP,NULL
5069854,2020SP,2020RP,NULL
5057287,2020SP,2020RF,NULL
5031562,2020SP,2020RF,NULL
5007085,2019FA,2019RF,NULL
5015151,2018FA,2018FT,2018FT
5015151,2019SP,2019RF,NULL
5015151,2020SP,2020RF,NULL
5093003,2020FA,2020RF,NULL
5069854,2020FA,2020RF,NULL
5064168,2019FA,2019RF,NULL
5064168,2019SU,2019RP,NULL
5031562,2020FA,2020RF,NULL
5093003,2020SP,2020RF,NULL
5039804,2020FA,2020RP,NULL
5039804,2020SU,2020RP,NULL
5078504,2020SP,2020RF,NULL
5026068,2019FA,2019RP,NULL
5026068,2019SU,2019RP,NULL
5029323,2018FA,2018FT,2018FT
5029323,2019SP,2019RF,NULL
5014838,2018FA,2018RF,NULL
5014838,2018SP,2018FT,NULL
5014838,2019SP,2019RF,NULL
5014838,2020SP,2020RF,NULL
5093429,2020FA,2020TF,2020TF
5083524,2018FA,2018RP,NULL
5083524,2018SP,2018PT,NULL
5083524,2018SU,2018RP,NULL
5083524,2019SP,2019RF,NULL
5083524,2020SP,2020RP,NULL
5088261,2018FA,2018RP,NULL
5088261,2018SP,2018TF,NULL
5088261,2018SU,2018RP,NULL
5088261,2019SP,2019RP,NULL
5088261,2020SP,2020RF,NULL
5005609,2018FA,2018TP,2018TP
5005609,2019SP,2019RP,NULL
5005609,2020SP,2020RP,NULL
5009284,2019FA,2019HP,NULL
5007641,2018FA,2018TF,2018TF
5007641,2019SP,2019RP,NULL
5005330,2018FA,2018TF,2018TF
5005330,2019SP,2019RF,NULL
5005330,2020SP,2020RF,NULL
5038377,2019FA,2019RF,NULL
5038377,2020FA,2020RP,NULL
5038377,2020SU,2020RP,NULL
5069172,2018FA,2018FT,2018FT
5069172,2019SP,2019RF,NULL
5069172,2020SP,2020RP,NULL
5086636,2019FA,2019RP,NULL
5060447,2019FA,2019RF,NULL
5073704,2019SP,2019PT,NULL
5067460,2014FA,2014FT,2014FT
5067460,2015FA,2015RP,NULL
5067460,2015SP,2015RF,NULL
5067460,2015SU,2015RP,NULL
5067460,2016FA,2016RP,NULL
5067460,2016SP,2016RP,NULL
5067460,2016SU,2016RP,NULL
5067460,2017FA,2017RP,NULL
5067460,2017SP,2017RP,NULL
5067460,2017SU,2017RP,NULL
5067460,2018FA,2018RP,NULL
5067460,2018SP,2018RP,NULL
5067460,2018SU,2018RP,NULL
5067460,2019SP,2019RP,NULL
5075957,2017FA,2017TP,2017TP
5075957,2018FA,2018RP,NULL
5075957,2019SP,2019RF,NULL
5075957,2020SP,2020RP,NULL
5006931,2019SU,2019RP,NULL
5064168,2017FA,2017FT,2017FT
5064168,2018FA,2018RP,NULL
5064168,2018SP,2018RF,NULL
5064168,2018SU,2018RP,NULL
5064168,2019SP,2019RF,NULL
5064168,2020SP,2020RF,NULL
5069172,2019FA,2019RF,NULL
5021751,2015FA,2015FT,2015FT
5021751,2016SP,2016RF,NULL
5021751,2017FA,2017RF,NULL
5021751,2017SP,2017RP,NULL
5021751,2018FA,2018RP,NULL
5083524,2019FA,2019RP,NULL
5083524,2019SU,2019RP,NULL
5038377,2017FA,2017PT,2017PT
5038377,2018SP,2018RP,NULL
5038377,2019SP,2019RF,NULL
5038377,2020SP,2020RP,NULL
5088261,2019FA,2019RF,NULL
5088261,2019SU,2019RP,NULL
5075533,2020SU,2020RP,NULL
5070935,2019FA,2019RP,NULL
5084261,2019FA,2019RP,NULL
5084261,2019SU,2019RP,NULL
5075796,2019FA,2019RF,NULL
5075796,2019SU,2019RP,NULL
5088966,2020FA,2020RP,NULL
5088966,2020SU,2020RP,NULL
5008023,2016FA,2016FT,2016FT
5008023,2017FA,2017RP,NULL
5008023,2017SP,2017RF,NULL
5008023,2017SU,2017RP,NULL
5008023,2018FA,2018RP,NULL
5008023,2018SP,2018RP,NULL
5008023,2018SU,2018RP,NULL
5008023,2019SP,2019RP,NULL
5082483,2016FA,2016PT,2016PT
5082483,2017SP,2017RP,NULL
5082483,2017SU,2017RP,NULL
5082483,2019SP,2019RP,NULL
5082483,2020SP,2020RP,NULL
5018240,2019FA,2019RF,NULL
5018240,2019SU,2019RP,NULL
5052063,2019FA,2019RF,NULL
5052063,2019SU,2019RP,NULL
5021920,2019SU,2019RP,NULL
5045622,2017FA,2017RP,NULL
5045622,2017SP,2017PT,NULL
5045622,2017SU,2017RP,NULL
5045622,2018FA,2018RP,NULL
5045622,2018SP,2018RP,NULL
5052063,2017FA,2017FT,2017FT
5052063,2018FA,2018RP,NULL
5052063,2018SP,2018RF,NULL
5052063,2018SU,2018RP,NULL
5052063,2019SP,2019RP,NULL
5052063,2020SP,2020RP,NULL
5021920,2017FA,2017RF,NULL
5021920,2017SP,2017TF,NULL
5021920,2017SU,2017RP,NULL
5021920,2018FA,2018RF,NULL
5021920,2018SP,2018RF,NULL
5021920,2018SU,2018RP,NULL
5021920,2019SP,2019RF,NULL
5018240,2018FA,2018PT,2018PT
5018240,2019SP,2019RP,NULL
5082483,2019FA,2019RP,NULL
5075796,2018FA,2018FT,2018FT
5075796,2019SP,2019RF,NULL
5075796,2020SP,2020RF,NULL
5085742,2019FA,2019RF,NULL
5054184,2017SU,2017TP,NULL
5054184,2018FA,2018RP,NULL
5062924,2019FA,2019RP,NULL
5062924,2019SU,2019RF,NULL
5059555,2017FA,2017FT,2017FT
5059555,2018FA,2018RF,NULL
5059555,2018SP,2018RF,NULL
5059555,2018SU,2018RP,NULL
5059555,2019SP,2019RF,NULL
5082152,2020FA,2020RF,NULL
5023650,2019FA,2019RP,NULL
5087083,2018FA,2018FT,2018FT
5099347,2020FA,2020RF,NULL
5056574,2019FA,2019RP,NULL
5065426,2019FA,2019HP,NULL
5075707,2018FA,2018TF,2018TF
5075707,2019SP,2019RP,NULL
5075707,2020SP,2020RP,NULL
5067472,2020FA,2020RF,NULL
5092567,2018FA,2018PT,2018PT
5063008,2019FA,2019RF,NULL
5021887,2018FA,2018PT,2018PT
5023650,2019SU,2019RP,NULL
5017477,2020FA,2020HP,NULL
5059335,2018FA,2018TF,2018TF
5059335,2019SP,2019RP,NULL
5059335,2020SP,2020RF,NULL
5005533,2019FA,2019RP,NULL
5064470,2019SP,2019TP,NULL
5064470,2020SP,2020RF,NULL
5077888,2020FA,2020RP,NULL
5027587,2020FA,2020FT,2020FT
5051368,2020FA,2020RP,NULL
5051368,2020SU,2020RP,NULL
5008727,2021FA,2021RP,NULL
5008727,2021SU,2021RP,NULL
5006465,2018FA,2018TP,2018TP
5006465,2019SP,2019RP,NULL
5051368,2021FA,2021RP,NULL
5051368,2021SU,2021RP,NULL
5013092,2019SP,2019TF,NULL
5077888,2021FA,2021RP,NULL
5077888,2021SU,2021RP,NULL
5011861,2021FA,2021TF,2021TF
5004401,2019SP,2019PT,NULL
5012285,2019FA,2019HP,NULL
5017850,2019FA,2019HP,NULL
5025424,2019FA,2019HP,NULL
5016114,2019FA,2019HP,NULL
5066114,2019FA,2019HP,NULL
5066114,2019SU,2019HP,NULL
5030968,2020SP,2020RF,NULL
5035263,2019FA,2019HP,NULL
5018206,2019FA,2019RP,NULL
5018206,2019SU,2019RP,NULL
5019548,2019FA,2019RF,NULL
5019548,2019SU,2019RP,NULL
5043589,2019FA,2019RP,NULL
5028651,2021FA,2021RP,NULL
5067472,2021SU,2021RP,NULL
5082152,2021FA,2021RF,NULL
5065375,2020SP,2020PT,NULL
5021136,2020FA,2020FT,2020FT
5065790,2016FA,2016PT,2016PT
5065790,2017FA,2017RP,NULL
5065790,2017SP,2017RP,NULL
5065790,2018FA,2018RP,NULL
5065790,2018SP,2018RP,NULL
5065790,2019SP,2019RP,NULL
5065790,2020SP,2020RP,NULL
5004171,2012FA,2012TP,2012TP
5058374,2020FA,2020FT,2020FT
5030034,2017FA,2017PT,2017PT
5030034,2018FA,2018RP,NULL
5030034,2018SP,2018RP,NULL
5038397,2019FA,2019FT,2019FT
5010193,2017FA,2017FT,2017FT
5010193,2018FA,2018RF,NULL
5010193,2018SP,2018RF,NULL
5010193,2018SU,2018RP,NULL
5010193,2019SP,2019RF,NULL
5002296,2019FA,2019FT,2019FT
5081030,2013SP,2013TP,NULL
5081030,2013SU,2013RP,NULL
5081030,2014FA,2014RP,NULL
5081030,2014SU,2014RP,NULL
5081030,2018FA,2018RP,NULL
5081030,2019SP,2019RP,NULL
5024411,2014FA,2014PT,2014PT
5024411,2015FA,2015RP,NULL
5024411,2015SP,2015RP,NULL
5024411,2016FA,2016RP,NULL
5024411,2016SP,2016RP,NULL
5024411,2016SU,2016RP,NULL
5024411,2017FA,2017RP,NULL
5024411,2017SP,2017RP,NULL
5024411,2017SU,2017RP,NULL
5024411,2018SP,2018RP,NULL
5026093,2020FA,2020FT,2020FT
5032437,2018SU,2018RP,NULL
5032437,2019SP,2019RP,NULL
5032437,2020SP,2020RP,NULL
5072799,2020SP,2020RF,NULL
5066419,2018FA,2018FT,2018FT
5066419,2019SP,2019RP,NULL
5066419,2020SP,2020RP,NULL
5089610,2019FA,2019PT,2019PT
5046224,2018FA,2018RP,NULL
5046224,2018SP,2018TP,NULL
5046224,2019SP,2019RP,NULL
5046224,2020SP,2020RP,NULL
5027641,2018FA,2018TP,2018TP
5027641,2019SP,2019RF,NULL
5054722,2019FA,2019HP,NULL
5070184,2019FA,2019PT,2019PT
5084285,2018FA,2018TF,2018TF
5084285,2019SP,2019RF,NULL
5084285,2020SP,2020RF,NULL
5008769,2018FA,2018FT,2018FT
5008769,2019SP,2019RF,NULL
5008769,2020SP,2020RF,NULL
5015775,2018FA,2018FT,2018FT
5015775,2019SP,2019RF,NULL
5015775,2020SP,2020RF,NULL
5043631,2018FA,2018FT,2018FT
5064090,2019FA,2019RP,NULL
5017757,2013FA,2013FT,2013FT
5017757,2014FA,2014RF,NULL
5017757,2015FA,2015RF,NULL
5017757,2015SP,2015RP,NULL
5017757,2016SP,2016RF,NULL
5017757,2017SP,2017RF,NULL
5017757,2017SU,2017RP,NULL
5000331,2020FA,2020RP,NULL
5011188,2017FA,2017TF,2017TF
5011188,2018FA,2018RF,NULL
5011188,2018SP,2018RF,NULL
5011188,2018SU,2018RP,NULL
5011188,2019SP,2019RP,NULL
5029759,2018FA,2018TP,2018TP
5029759,2019SP,2019RP,NULL
5029759,2020SP,2020RF,NULL
5070942,2018FA,2018FT,2018FT
5070942,2019SP,2019RF,NULL
5063270,2019FA,2019PT,2019PT
5088142,2020SP,2020RF,NULL
5046540,2020FA,2020RP,NULL
5070942,2019FA,2019RF,NULL
5046540,2020SU,2020RP,NULL
5062271,2018FA,2018FT,2018FT
5062271,2019SP,2019RF,NULL
5062271,2020SP,2020RP,NULL
5007106,2020SU,2020RF,NULL
5007106,2020FA,2020RF,NULL
5042318,2012SU,2012PT,NULL
5042318,2014FA,2014RP,NULL
5042318,2014SP,2014RP,NULL
5042318,2015FA,2015RP,NULL
5042318,2015SP,2015RP,NULL
5042318,2015SU,2015RP,NULL
5042318,2016FA,2016RP,NULL
5042318,2016SP,2016RP,NULL
5042318,2017FA,2017RP,NULL
5042318,2017SP,2017RP,NULL
5042318,2018FA,2018RP,NULL
5042318,2018SP,2018RP,NULL
5042318,2018SU,2018RP,NULL
5042318,2019SP,2019RP,NULL
5019074,2020FA,2020PT,2020PT
5060701,2012FA,2012TP,2012TP
5060701,2013FA,2013RF,NULL
5060701,2013SP,2013RF,NULL
5060701,2013SU,2013RP,NULL
5060701,2014FA,2014RF,NULL
5060701,2014SP,2014RF,NULL
5060701,2014SU,2014RP,NULL
5060701,2015SP,2015RF,NULL
5060701,2020SP,2020RF,NULL
5017271,2014FA,2014TP,2014TP
5017271,2015FA,2015RP,NULL
5017271,2015SP,2015RP,NULL
5017271,2016SP,2016RP,NULL
5017271,2017FA,2017RP,NULL
5017271,2018FA,2018RP,NULL
5017271,2018SP,2018RP,NULL
5017271,2018SU,2018RF,NULL
5016564,2019FA,2019RF,NULL
5016564,2019SU,2019RP,NULL
5076404,2020SP,2020RP,NULL
5096500,2014FA,2014FT,2014FT
5096500,2015SP,2015RP,NULL
5096500,2015SU,2015RP,NULL
5096500,2016FA,2016RF,NULL
5096500,2016SP,2016RF,NULL
5096500,2016SU,2016RP,NULL
5096500,2017FA,2017RP,NULL
5096500,2017SP,2017RF,NULL
5096500,2018FA,2018RF,NULL
5096500,2018SP,2018RP,NULL
5096500,2020SP,2020RP,NULL
5018643,2019FA,2019RF,NULL
5098211,2014FA,2014TF,2014TF
5098211,2015FA,2015RF,NULL
5098211,2015SP,2015RF,NULL
5098211,2015SU,2015RP,NULL
5098211,2016SP,2016RF,NULL
5098211,2020SP,2020RF,NULL
5088142,2019FA,2019TF,2019TF
5003491,2019FA,2019FT,2019FT
5082182,2019FA,2019FT,2019FT
5042532,2014SP,2014TF,NULL
5068591,2019FA,2019TP,2019TP
5001681,2020SP,2020PT,NULL
5074925,2020FA,2020FT,2020FT
5003388,2019FA,2019RP,NULL
5068591,2020FA,2020RP,NULL
5028791,2015FA,2015TP,2015TP
5028791,2016FA,2016RP,NULL
5028791,2016SP,2016RP,NULL
5028791,2017FA,2017RF,NULL
5028791,2017SP,2017RP,NULL
5028791,2018SU,2018RP,NULL
5028791,2019SP,2019RP,NULL
5028791,2020SP,2020RP,NULL
5091104,2015FA,2015FT,2015FT
5091104,2016FA,2016RF,NULL
5091104,2016SP,2016RF,NULL
5091104,2016SU,2016RP,NULL
5091104,2017FA,2017RP,NULL
5091104,2017SP,2017RP,NULL
5091104,2018SP,2018RP,NULL
5091104,2019SP,2019RP,NULL
5091104,2020SP,2020RP,NULL
5031433,2017FA,2017TP,2017TP
5031433,2018FA,2018RP,NULL
5031433,2018SP,2018RP,NULL
5031433,2019SP,2019RP,NULL
5083618,2018FA,2018TF,2018TF
5083618,2019SP,2019RP,NULL
5083618,2020SP,2020RP,NULL
5035048,2018FA,2018TF,2018TF
5035048,2019SP,2019RF,NULL
5035048,2020SP,2020RF,NULL
5021793,2017FA,2017TF,2017TF
5021793,2018FA,2018RF,NULL
5021793,2018SP,2018RF,NULL
5021793,2018SU,2018RP,NULL
5021793,2019SP,2019RF,NULL
5087736,2017FA,2017PT,2017PT
5087736,2018FA,2018RP,NULL
5087736,2018SP,2018RP,NULL
5087736,2018SU,2018RP,NULL
5087736,2019SP,2019RP,NULL
5087736,2020SP,2020RP,NULL
5046253,2017FA,2017TP,2017TP
5046253,2018FA,2018RP,NULL
5046253,2018SU,2018RP,NULL
5046253,2019SP,2019RP,NULL
5046253,2020SP,2020RP,NULL
5065685,2020FA,2020RP,NULL
5084169,2013FA,2013TP,2013TP
5084169,2014FA,2014RP,NULL
5084169,2014SP,2014RP,NULL
5084169,2015FA,2015RP,NULL
5084169,2015SP,2015RP,NULL
5084169,2016FA,2016RP,NULL
5084169,2016SP,2016RP,NULL
5084169,2017FA,2017RP,NULL
5084169,2017SP,2017RP,NULL
5084169,2018FA,2018RP,NULL
5084169,2018SP,2018RP,NULL
5084169,2018SU,2018RP,NULL
5084169,2019SP,2019RP,NULL
5084169,2020SP,2020RP,NULL
5079091,2020FA,2020TF,2020TF
5054233,2019FA,2019FT,2019FT
5040501,2019SU,2019TP,NULL
5045363,2020FA,2020RF,NULL
5023284,2011FA,2011TP,2011TP
5023284,2012SP,2012RP,NULL
5023284,2012SU,2012RP,NULL
5023284,2013FA,2013RP,NULL
5023284,2013SP,2013RP,NULL
5023284,2013SU,2013RP,NULL
5023284,2014FA,2014RP,NULL
5023284,2014SP,2014RP,NULL
5023284,2016SP,2016RF,NULL
5069212,2011SP,2011PT,NULL
5069212,2016FA,2016RP,NULL
5069212,2017FA,2017RP,NULL
5069212,2017SP,2017RP,NULL
5069212,2017SU,2017RP,NULL
5069212,2018SP,2018RP,NULL
5069212,2019SP,2019RP,NULL
5027579,2011FA,2011PT,2011PT
5027579,2020SP,2020RP,NULL
5059727,2019FA,2019TF,2019TF
5083237,2018FA,2018FT,2018FT
5083237,2019SP,2019RP,NULL
5064172,2020FA,2020RF,NULL
5013164,2019SP,2019FT,NULL
5027579,2019FA,2019RP,NULL
5018025,2019FA,2019RP,NULL
5080380,2020FA,2020HP,NULL
5046357,2020SP,2020FT,NULL
5078847,2019FA,2019PT,2019PT
5056933,2018FA,2018PT,2018PT
5057712,2020FA,2020HP,NULL
5018025,2020FA,2020RP,NULL
5078847,2020FA,2020RF,NULL
5024035,2018FA,2018FT,2018FT
5024035,2019SP,2019RF,NULL
5024035,2020SP,2020RP,NULL
5027579,2020FA,2020RP,NULL
5023284,2021FA,2021RF,NULL
5022224,2021FA,2021RP,NULL
5018025,2021FA,2021RF,NULL
5012868,2019SP,2019TF,NULL
5012868,2020SP,2020RF,NULL
5082904,2021FA,2021RP,NULL
5035640,2020SP,2020RP,NULL
5044005,2019FA,2019HP,NULL
5032731,2019FA,2019RP,NULL
5063966,2020SP,2020RP,NULL
5033521,2020SP,2020RF,NULL
5090096,2021FA,2021TF,2021TF
5083237,2019FA,2019RF,NULL
5012868,2020FA,2020RF,NULL
5012868,2020SU,2020RP,NULL
5013821,2015FA,2015FT,2015FT
5013821,2016FA,2016RP,NULL
5013821,2016SP,2016RF,NULL
5013821,2016SU,2016RP,NULL
5013821,2017SP,2017RP,NULL
5013821,2018FA,2018RF,NULL
5013821,2018SP,2018RF,NULL
5013821,2018SU,2018RP,NULL
5013821,2019SP,2019RP,NULL
5053556,2019FA,2019RP,NULL
5014838,2019FA,2019RF,NULL
5014838,2019SU,2019RP,NULL
5029323,2019FA,2019RF,NULL
5061787,2018FA,2018TP,2018TP
5061787,2019SP,2019RP,NULL
5031553,2020FA,2020HP,NULL
5006931,2018FA,2018FT,2018FT
5006931,2019SP,2019RF,NULL
5042066,2018FA,2018FT,2018FT
5042066,2019SP,2019RP,NULL
5064168,2020SU,2020RF,NULL
5053832,2018FA,2018TP,2018TP
5053832,2019SP,2019RF,NULL
5026068,2020FA,2020RF,NULL
5026068,2020SU,2020RP,NULL
5060447,2020FA,2020RP,NULL
5026068,2021FA,2021RP,NULL
5061632,2019SP,2019TP,NULL
5005860,2019SP,2019FT,NULL
5038377,2021FA,2021RP,NULL
5065560,2019FA,2019HP,NULL
5025706,2019FA,2019HP,NULL
5039409,2019FA,2019HF,NULL
5039409,2020SP,2020FT,NULL
5069549,2021FA,2021RP,NULL
5069549,2021SU,2021RP,NULL
5092292,2020SP,2020PT,NULL
5045979,2020SP,2020RF,NULL
5031562,2021SU,2021RP,NULL
5060828,2020SP,2020FT,NULL
5092475,2020SP,2020PT,NULL
5048776,2021FA,2021RP,NULL
5048776,2021SU,2021RP,NULL
5042939,2015FA,2015TP,2015TP
5042939,2016FA,2016RP,NULL
5042939,2016SP,2016RP,NULL
5042939,2017FA,2017RF,NULL
5042939,2017SP,2017RP,NULL
5042939,2017SU,2017RP,NULL
5042939,2018SP,2018RP,NULL
5092178,2016FA,2016RF,NULL
5092178,2016SP,2016TF,NULL
5092178,2017FA,2017RF,NULL
5092178,2017SP,2017RF,NULL
5092178,2018FA,2018RP,NULL
5092178,2018SP,2018RP,NULL
5070376,2016FA,2016FT,2016FT
5070376,2017FA,2017RF,NULL
5070376,2017SP,2017RF,NULL
5070376,2018FA,2018RP,NULL
5070376,2018SP,2018RF,NULL
5070376,2018SU,2018RP,NULL
5070376,2020SP,2020RF,NULL
5083569,2019FA,2019RP,NULL
5061477,2021SU,2021RP,NULL
5008905,2019FA,2019HP,NULL
5022937,2020SP,2020RF,NULL
5089428,2020SP,2020RF,NULL
5076887,2019SU,2019HP,NULL
5066026,2019SU,2019HP,NULL
5035797,2019FA,2019HP,NULL
5017987,2019FA,2019HP,NULL
5085742,2009FA,2009FT,2009FT
5085742,2010SP,2010RF,NULL
5085742,2011FA,2011RF,NULL
5085742,2011SP,2011RF,NULL
5085742,2011SU,2011RP,NULL
5085742,2012SP,2012RP,NULL
5096864,2009FA,2009FT,2009FT
5096864,2010SP,2010RF,NULL
5066839,2010FA,2010RP,NULL
5066839,2010SP,2010PT,NULL
5066839,2010SU,2010RP,NULL
5066839,2011FA,2011RP,NULL
5066839,2011SP,2011RP,NULL
5066839,2012FA,2012RP,NULL
5066839,2012SP,2012RP,NULL
5066839,2013FA,2013RP,NULL
5066839,2013SP,2013RP,NULL
5066839,2014FA,2014RP,NULL
5066839,2014SP,2014RP,NULL
5066839,2014SU,2014RP,NULL
5066839,2015SP,2015RP,NULL
5040071,2011FA,2011FT,2011FT
5040071,2012FA,2012RF,NULL
5040071,2012SP,2012RF,NULL
5040071,2012SU,2012RP,NULL
5040071,2013SP,2013RF,NULL
5018757,2012FA,2012FT,2012FT
5018757,2013FA,2013RF,NULL
5018757,2013SP,2013RF,NULL
5018757,2013SU,2013RP,NULL
5018757,2018FA,2018RF,NULL
5047619,2019FA,2019TP,2019TP
5096731,2020FA,2020RF,NULL
5096731,2020SU,2020RP,NULL
5084261,2017FA,2017FT,2017FT
5084261,2018FA,2018RF,NULL
5084261,2018SP,2018RF,NULL
5084261,2019SP,2019RF,NULL
5070935,2017FA,2017PT,2017PT
5070935,2018FA,2018RF,NULL
5070935,2018SP,2018RF,NULL
5070935,2019SP,2019RP,NULL
5018240,2020SU,2020RP,NULL
5045622,2020SU,2020RP,NULL
5052063,2020FA,2020RP,NULL
5052063,2020SU,2020RP,NULL
5082739,2019SU,2019RP,NULL
5088966,2018FA,2018RP,NULL
5088966,2018SP,2018TP,NULL
5088966,2018SU,2018RP,NULL
5088966,2020SP,2020RP,NULL
5054953,2019FA,2019RP,NULL
5054953,2019SU,2019RP,NULL
5065790,2019FA,2019RP,NULL
5065790,2019SU,2019RP,NULL
5075533,2018FA,2018FT,2018FT
5075533,2019SP,2019RP,NULL
5075533,2020SP,2020RP,NULL
5096621,2020SP,2020PT,NULL
5061635,2020FA,2020HP,NULL
5004171,2020FA,2020RP,NULL
5081030,2020FA,2020RF,NULL
5024411,2020FA,2020RP,NULL
5066839,2020FA,2020RP,NULL
5066839,2020SU,2020RP,NULL
5002296,2020SP,2020RF,NULL
5002610,2020SP,2020RF,NULL
5031456,2019SP,2019TP,NULL
5038397,2020SP,2020RF,NULL
5018069,2019SP,2019TP,NULL
5038397,2020FA,2020RF,NULL
5014985,2019FA,2019RP,NULL
5014985,2019SU,2019RP,NULL
5074377,2019SU,2019RP,NULL
5088014,2020SP,2020RF,NULL
5099693,2020FA,2020RP,NULL
5062271,2019FA,2019RP,NULL
5099693,2018FA,2018FT,2018FT
5099693,2019SP,2019RF,NULL
5099693,2020SP,2020RP,NULL
5076404,2019FA,2019PT,2019PT
5096500,2019SU,2019RP,NULL
5037035,2019FA,2019FT,2019FT
5088142,2020FA,2020RF,NULL
5063270,2020FA,2020RP,NULL
5090527,2020FA,2020FT,2020FT
5068908,2019SU,2019RP,NULL
5013390,2017FA,2017TP,2017TP
5013390,2018FA,2018RP,NULL
5013390,2018SP,2018RP,NULL
5013390,2019SP,2019RP,NULL
5013390,2020SP,2020RP,NULL
5046540,2017FA,2017TP,2017TP
5046540,2018FA,2018RP,NULL
5046540,2018SP,2018RP,NULL
5046540,2018SU,2018RP,NULL
5046540,2019SP,2019RP,NULL
5046540,2020SP,2020RP,NULL
5029759,2020FA,2020RP,NULL
5084529,2018FA,2018RF,NULL
5084529,2018SP,2018TF,NULL
5084529,2018SU,2018RP,NULL
5084529,2019SP,2019RF,NULL
5037035,2020FA,2020RF,NULL
5037035,2020SU,2020RP,NULL
5000331,2020SP,2020PT,NULL
5010764,2020FA,2020RP,NULL
5009590,2020FA,2020RF,NULL
5045928,2011FA,2011FT,2011FT
5045928,2012FA,2012RF,NULL
5045928,2012SP,2012RF,NULL
5045928,2013FA,2013RP,NULL
5045928,2014FA,2014RF,NULL
5045928,2014SP,2014RF,NULL
5045928,2014SU,2014RP,NULL
5045928,2015SP,2015RF,NULL
5081182,2010FA,2010FT,2010FT
5081182,2011FA,2011RF,NULL
5081182,2011SP,2011RF,NULL
5081182,2012FA,2012RF,NULL
5081182,2012SP,2012RP,NULL
5081182,2013FA,2013RF,NULL
5081182,2013SP,2013RF,NULL
5081182,2013SU,2013RP,NULL
5081182,2014FA,2014RP,NULL
5081182,2015SP,2015RP,NULL
5081182,2020SP,2020RP,NULL
5068908,2016FA,2016PT,2016PT
5068908,2017FA,2017RP,NULL
5068908,2017SP,2017RP,NULL
5068908,2017SU,2017RP,NULL
5068908,2018SP,2018RP,NULL
5068908,2018SU,2018RP,NULL
5068908,2019SP,2019RP,NULL
5094604,2020SP,2020RP,NULL
5031686,2019FA,2019RF,NULL
5010764,2019FA,2019RP,NULL
5018643,2018FA,2018FT,2018FT
5018643,2019SP,2019RF,NULL
5018643,2020SP,2020RF,NULL
5094604,2019FA,2019TF,2019TF
5029629,2020SP,2020RF,NULL
5098211,2019FA,2019RF,NULL
5087465,2020FA,2020HP,NULL
5076404,2020FA,2020RF,NULL
5076404,2020SU,2020RP,NULL
5033604,2018FA,2018TP,2018TP
5033604,2019SP,2019RF,NULL
5016564,2018FA,2018TF,2018TF
5016564,2019SP,2019RF,NULL
5016564,2020SP,2020RF,NULL
5057640,2019SP,2019PT,NULL
5076404,2021FA,2021RP,NULL
5076404,2021SU,2021RF,NULL
5089010,2021FA,2021PT,2021PT
5066965,2021FA,2021RP,NULL
5053511,2019FA,2019HP,NULL
5000690,2020SP,2020RF,NULL
5003388,2018SU,2018TP,NULL
5003388,2020SP,2020RP,NULL
5086908,2020SU,2020HP,NULL
5051214,2020SP,2020RF,NULL
5049211,2020SP,2020RF,NULL
5095383,2018FA,2018FT,2018FT
5095383,2019SP,2019RF,NULL
5033505,2020FA,2020HP,NULL
5001681,2020FA,2020RP,NULL
5001681,2020SU,2020RP,NULL
5005644,2018FA,2018PT,2018PT
5005644,2019SP,2019RP,NULL
5061884,2020FA,2020TF,2020TF
5091029,2018FA,2018FT,2018FT
5072448,2020FA,2020RP,NULL
5027707,2018FA,2018FT,2018FT
5027707,2020SP,2020RP,NULL
5061884,2021FA,2021RP,NULL
5085738,2021FA,2021TP,2021TP
5072448,2021FA,2021RP,NULL
5097489,2021FA,2021RF,NULL
5040182,2021FA,2021RP,NULL
5040182,2021SU,2021RP,NULL
5003491,2020SP,2020RP,NULL
5082182,2020SP,2020RF,NULL
5001020,2020SP,2020RP,NULL
5007446,2019SU,2019HP,NULL
5073656,2020SP,2020RF,NULL
5077343,2019FA,2019HP,NULL
5037876,2020SP,2020RF,NULL
5031044,2020SP,2020RP,NULL
5014868,2019FA,2019RP,NULL
5056504,2020SP,2020RF,NULL
5091777,2020SP,2020RF,NULL
5046292,2020SP,2020RF,NULL
5084009,2021FA,2021TP,2021TP
5091259,2021FA,2021RP,NULL
5018773,2021FA,2021RF,NULL
5018773,2021SU,2021RF,NULL
5098114,2021FA,2021RF,NULL
5021462,2021FA,2021RF,NULL
5050248,2021FA,2021RP,NULL
5050248,2021SU,2021RP,NULL
5091777,2021SU,2021RP,NULL
5062553,2021FA,2021RP,NULL
5062553,2021SU,2021RP,NULL
5007106,2020SP,2020RF,NULL
5037035,2021FA,2021RP,NULL
5037035,2021SU,2021RP,NULL
5074377,2021FA,2021RP,NULL
5029759,2021FA,2021RP,NULL
5088142,2021FA,2021RP,NULL
5099693,2021FA,2021RP,NULL
5000331,2021FA,2021RP,NULL
5029629,2021FA,2021RP,NULL
5096243,2021FA,2021RP,NULL
5057640,2020FA,2020RF,NULL
5066965,2017FA,2017TP,2017TP
5066965,2018SP,2018RP,NULL
5066965,2018SU,2018RP,NULL
5057640,2020SU,2020RP,NULL
5031686,2016FA,2016FT,2016FT
5031686,2017SP,2017RF,NULL
5031686,2019SP,2019RF,NULL
5084529,2019SU,2019RF,NULL
5010764,2016SP,2016PT,NULL
5010764,2017FA,2017RP,NULL
5010764,2017SU,2017RP,NULL
5010764,2018FA,2018RP,NULL
5010764,2018SP,2018RP,NULL
5010764,2018SU,2018RP,NULL
5010764,2019SP,2019RP,NULL
5010764,2020SP,2020RP,NULL
5023288,2019SP,2019FT,NULL
5017757,2018FA,2018RF,NULL
5017757,2018SP,2018RF,NULL
5017757,2018SU,2018RP,NULL
5017757,2019SP,2019RP,NULL
5064090,2012FA,2012TP,2012TP
5064090,2013FA,2013RF,NULL
5064090,2013SP,2013RF,NULL
5064090,2017FA,2017RF,NULL
5064090,2020SP,2020RP,NULL
5019042,2013SP,2013PT,NULL
5019042,2013SU,2013RP,NULL
5019042,2015SU,2015RP,NULL
5019042,2020SP,2020RP,NULL
5003700,2020FA,2020FT,2020FT
5098731,2014FA,2014TP,2014TP
5098731,2015FA,2015RP,NULL
5098731,2015SP,2015RP,NULL
5098731,2016FA,2016RF,NULL
5098731,2017FA,2017RP,NULL
5098731,2017SP,2017RP,NULL
5098731,2018FA,2018RP,NULL
5098731,2018SP,2018RP,NULL
5015775,2019SU,2019RP,NULL
5091342,2015FA,2015FT,2015FT
5091342,2016FA,2016RF,NULL
5091342,2016SP,2016RF,NULL
5091342,2016SU,2016RP,NULL
5091342,2017SP,2017RF,NULL
5091342,2017SU,2017RP,NULL
5091342,2018FA,2018RF,NULL
5008769,2019FA,2019RF,NULL
5008769,2019SU,2019RP,NULL
5070184,2020SP,2020RP,NULL
5028816,2020FA,2020HP,NULL
5086241,2014FA,2014FT,2014FT
5086241,2015FA,2015RF,NULL
5086241,2015SP,2015RF,NULL
5086241,2016FA,2016RP,NULL
5086241,2016SP,2016RF,NULL
5086241,2016SU,2016RP,NULL
5086241,2017SP,2017RP,NULL
5086241,2018FA,2018RP,NULL
5086241,2019SP,2019RP,NULL
5086241,2020SP,2020RF,NULL
5081471,2015FA,2015TP,2015TP
5081471,2016FA,2016RP,NULL
5081471,2016SP,2016RP,NULL
5081471,2020SP,2020RF,NULL
5020660,2015FA,2015RF,NULL
5020660,2015SP,2015FT,NULL
5020660,2015SU,2015RP,NULL
5020660,2016FA,2016RF,NULL
5020660,2016SP,2016RP,NULL
5031672,2009FA,2009FT,2009FT
5031672,2010FA,2010RF,NULL
5031672,2010SP,2010RF,NULL
5031672,2011FA,2011RF,NULL
5031672,2011SP,2011RF,NULL
5031672,2012FA,2012RF,NULL
5031672,2012SP,2012RF,NULL
5031672,2012SU,2012RP,NULL
5031672,2013FA,2013RP,NULL
5031672,2015FA,2015RP,NULL
5031672,2016FA,2016RP,NULL
5031672,2016SP,2016RP,NULL
5031672,2019SP,2019RF,NULL
5096065,2009FA,2009FT,2009FT
5096065,2010FA,2010RP,NULL
5096065,2010SP,2010RP,NULL
5096065,2011FA,2011RP,NULL
5096065,2011SP,2011RP,NULL
5096065,2017FA,2017RF,NULL
5096065,2018FA,2018RF,NULL
5096065,2018SP,2018RF,NULL
5096065,2019SP,2019RF,NULL
5096065,2020SP,2020RP,NULL
5078236,2009FA,2009PT,2009PT
5078236,2010FA,2010RP,NULL
5078236,2011SP,2011RP,NULL
5065685,2019FA,2019PT,2019PT
5034217,2011FA,2011FT,2011FT
5034217,2017SP,2017RP,NULL
5074814,2020FA,2020RF,NULL
5039887,2011FA,2011FT,2011FT
5039887,2012FA,2012RF,NULL
5039887,2012SP,2012RF,NULL
5039887,2012SU,2012RP,NULL
5039887,2013SP,2013RF,NULL
5039887,2018FA,2018RP,NULL
5059848,2019FA,2019RP,NULL
5039887,2019SP,2019RP,NULL
5019549,2019FA,2019RP,NULL
5019549,2019SU,2019RP,NULL
5040532,2018FA,2018FT,2018FT
5040532,2019SP,2019RF,NULL
5040532,2020SP,2020RF,NULL
5023695,2020FA,2020RP,NULL
5061503,2018FA,2018RP,NULL
5061503,2018SP,2018TF,NULL
5061503,2019SP,2019RP,NULL
5061503,2020SP,2020RP,NULL
5020660,2019FA,2019RF,NULL
5020660,2019SU,2019RP,NULL
5042804,2019SU,2019RP,NULL
5038405,2018FA,2018FT,2018FT
5038405,2019SP,2019RF,NULL
5021756,2018FA,2018TP,2018TP
5021756,2019SP,2019RF,NULL
5021756,2020SP,2020RP,NULL
5064684,2019FA,2019RP,NULL
5064684,2019SU,2019RP,NULL
5019549,2020FA,2020RP,NULL
5039887,2019FA,2019RP,NULL
5020660,2020FA,2020RP,NULL
5054233,2020SP,2020RF,NULL
5086241,2019FA,2019RP,NULL
5086241,2019SU,2019RP,NULL
5055209,2020FA,2020HP,NULL
5081471,2019FA,2019RP,NULL
5081471,2019SU,2019RP,NULL
5012079,2018FA,2018PT,2018PT
5012079,2019SP,2019RP,NULL
5076718,2018FA,2018TP,2018TP
5076718,2019SP,2019RP,NULL
5086241,2020FA,2020RP,NULL
5086241,2020SU,2020RP,NULL
5078236,2020FA,2020FT,2020FT
5041225,2018FA,2018TP,2018TP
5064090,2020FA,2020RF,NULL
5064090,2020SU,2020RP,NULL
5079775,2018FA,2018PT,2018PT
5024571,2018FA,2018TP,2018TP
5024571,2019SP,2019RP,NULL
5035886,2021FA,2021RF,NULL
5064090,2021FA,2021RP,NULL
5064090,2021SU,2021RP,NULL
5019762,2021FA,2021FT,2021FT
5043567,2019FA,2019RP,NULL
5043567,2019SU,2019RP,NULL
5050209,2019FA,2019RF,NULL
5019274,2019FA,2019RP,NULL
5019274,2019SU,2019RP,NULL
5089610,2021FA,2021RP,NULL
5089610,2021SU,2021RP,NULL
5038648,2020SP,2020RF,NULL
5031351,2021FA,2021PT,2021PT
5072799,2021FA,2021RP,NULL
5072799,2021SU,2021RP,NULL
5014619,2020SP,2020RF,NULL
5066419,2021FA,2021RP,NULL
5046224,2021FA,2021RP,NULL
5084285,2021FA,2021RF,NULL
5084285,2021SU,2021RP,NULL
5025064,2020SP,2020PT,NULL
5091870,2018FA,2018PT,2018PT
5084169,2021FA,2021RP,NULL
5084776,2020SP,2020PT,NULL
5020660,2017FA,2017RP,NULL
5020660,2017SP,2017RP,NULL
5020660,2017SU,2017RP,NULL
5020660,2018FA,2018RF,NULL
5020660,2018SP,2018RP,NULL
5020660,2019SP,2019RP,NULL
5020660,2020SP,2020RP,NULL
5021756,2019FA,2019RP,NULL
5042804,2018FA,2018FT,2018FT
5042804,2019SP,2019RP,NULL
5088352,2016FA,2016RP,NULL
5088352,2016SP,2016TP,NULL
5088352,2016SU,2016RP,NULL
5088352,2017FA,2017RF,NULL
5088352,2017SP,2017RF,NULL
5088352,2017SU,2017RP,NULL
5088352,2018FA,2018RP,NULL
5088352,2018SP,2018RP,NULL
5064684,2018FA,2018TF,2018TF
5064684,2019SP,2019RF,NULL
5040532,2019FA,2019RF,NULL
5046253,2019FA,2019RP,NULL
5041668,2016FA,2016FT,2016FT
5041668,2017FA,2017RP,NULL
5041668,2017SP,2017RP,NULL
5041668,2017SU,2017RP,NULL
5041668,2018SP,2018RP,NULL
5046253,2019SU,2019RP,NULL
5087736,2019FA,2019RF,NULL
5023244,2015FA,2015TP,2015TP
5023244,2017FA,2017RF,NULL
5023244,2018FA,2018RP,NULL
5023244,2018SP,2018RP,NULL
5023244,2018SU,2018RP,NULL
5023244,2019SP,2019RP,NULL
5087736,2019SU,2019RP,NULL
5035048,2019FA,2019RF,NULL
5035048,2019SU,2019RP,NULL
5020660,2021FA,2021RP,NULL
5059848,2019SP,2019PT,NULL
5046814,2019FA,2019FT,2019FT
5065685,2020SP,2020RP,NULL
5042767,2019FA,2019RP,NULL
5042767,2019SU,2019RP,NULL
5041668,2021FA,2021RP,NULL
5074814,2020SP,2020RF,NULL
5056593,2021FA,2021RP,NULL
5056593,2021SU,2021RP,NULL
5031433,2021FA,2021RP,NULL
5087736,2021FA,2021RF,NULL
5087736,2021SU,2021RP,NULL
5054233,2021FA,2021RP,NULL
5065685,2021FA,2021RP,NULL
5065685,2021SU,2021RP,NULL
5094605,2020SP,2020PT,NULL
5094605,2021FA,2021RF,NULL
5032627,2021FA,2021TP,2021TP
5006030,2021FA,2021FT,2021FT
5031672,2009SU,2009PT,2009FT
5081471,2015SU,2015TP,2015TP
5084169,2019FA,2019RP,NULL
5084169,2019SU,2019RP,NULL
5006030,2020FA,2020HP,NULL
5022298,2020FA,2020HP,NULL
5059674,2020FA,2020HP,NULL
5054953,2016FA,2016PT,2016PT
5054953,2017FA,2017RF,NULL
5054953,2017SP,2017RF,NULL
5054953,2017SU,2017RP,NULL
5054953,2018FA,2018RP,NULL
5054953,2018SP,2018RF,NULL
5054953,2018SU,2018RP,NULL
5054953,2019SP,2019RP,NULL
5082739,2016FA,2016PT,2016PT
5082739,2017FA,2017RP,NULL
5082739,2018FA,2018RF,NULL
5082739,2018SP,2018RF,NULL
5082739,2019SP,2019RF,NULL
5095059,2019SP,2019TP,NULL
5010685,2019FA,2019HP,NULL
5042408,2020SP,2020RF,NULL
5096731,2020SP,2020RF,NULL
5093690,2021FA,2021TF,2021TF
5045622,2021SU,2021RP,NULL
5088966,2021FA,2021RP,NULL
5088966,2021SU,2021RP,NULL
5075533,2021FA,2021RP,NULL
5058374,2021FA,2021RF,NULL
5058374,2021SU,2021RP,NULL
5096731,2021SU,2021RP,NULL
5068484,2020SP,2020FT,NULL
5021136,2021FA,2021RP,NULL
5098817,2021FA,2021RF,NULL
5098817,2021SU,2021RP,NULL
5085742,2009SU,2009PT,2009FT
5090518,2020SP,2020RP,NULL
5083569,2021SU,2021RP,NULL
5072321,2020SP,2020RF,NULL
5009521,2020SP,2020FT,NULL
5027053,2020SP,2020FT,NULL
5028378,2021FA,2021TP,2021TP
5009521,2021FA,2021RF,NULL
5067489,2021FA,2021TF,2021TF
5028274,2010SU,2010PT,2010FT
5010090,2017SU,2017PT,2017PT
5061477,2020SU,2020RP,NULL
5093161,2019FA,2019RP,NULL
5008905,2020FA,2020HP,NULL
5055937,2021FA,2021HP,NULL
5036766,2021FA,2021RF,NULL
5036766,2021SU,2021RP,NULL
5048319,2021FA,2021RF,NULL
5076781,2021FA,2021FT,2021FT
5023650,2014FA,2014FT,2014FT
5023650,2015FA,2015RP,NULL
5023650,2015SP,2015RP,NULL
5023650,2016FA,2016RP,NULL
5023650,2016SP,2016RP,NULL
5023650,2017FA,2017RP,NULL
5023650,2017SP,2017RP,NULL
5023650,2017SU,2017RP,NULL
5023650,2018FA,2018RP,NULL
5023650,2019SP,2019RF,NULL
5023650,2020SP,2020RP,NULL
5005533,2014FA,2014TP,2014TP
5005533,2015FA,2015RP,NULL
5005533,2015SP,2015RP,NULL
5005533,2015SU,2015RP,NULL
5005533,2016FA,2016RP,NULL
5005533,2016SP,2016RP,NULL
5005533,2016SU,2016RP,NULL
5005533,2017FA,2017RP,NULL
5005533,2017SP,2017RP,NULL
5005533,2017SU,2017RP,NULL
5005533,2019SP,2019RP,NULL
5061723,2019FA,2019PT,2019PT
5055567,2018FA,2018RF,NULL
5055567,2018SP,2018TF,NULL
5055567,2019SP,2019RP,NULL
5064470,2020SU,2020RP,NULL
5063008,2018FA,2018RF,NULL
5063008,2018SP,2018TP,NULL
5063008,2018SU,2018RP,NULL
5063008,2019SP,2019RF,NULL
5063008,2020SP,2020RP,NULL
5028651,2018SP,2018TP,NULL
5067472,2016FA,2016FT,2016FT
5067472,2017FA,2017RF,NULL
5067472,2017SP,2017RF,NULL
5067472,2017SU,2017RP,NULL
5067472,2018SP,2018RF,NULL
5065375,2021FA,2021RF,NULL
5017477,2021FA,2021FT,2021FT
5060511,2021FA,2021FT,2021FT
5010778,2021SU,2021RP,NULL
5029245,2021FA,2021RF,NULL
5076449,2015FA,2015FT,2015FT
5076449,2016SP,2016RP,NULL
5076449,2018FA,2018RF,NULL
5076449,2019SP,2019RF,NULL
5074501,2020FA,2020TP,2020TP
5064172,2020SP,2020RF,NULL
5075430,2016FA,2016FT,2016FT
5075430,2017FA,2017RF,NULL
5075430,2017SP,2017RF,NULL
5075430,2018FA,2018RF,NULL
5075430,2018SP,2018RP,NULL
5075430,2018SU,2018RP,NULL
5075430,2019SP,2019RP,NULL
5075430,2020SP,2020RP,NULL
5046357,2020SU,2020RP,NULL
5045363,2020SP,2020RF,NULL
5014904,2020SP,2020RF,NULL
5074145,2021FA,2021RP,NULL
5025728,2021FA,2021RF,NULL
5053556,2021FA,2021RP,NULL
5053556,2021SU,2021RP,NULL
5040862,2021FA,2021RP,NULL
5006440,2020SP,2020RP,NULL
5083237,2021FA,2021RF,NULL
5073419,2021FA,2021RF,NULL
5046059,2021FA,2021FT,2021FT
5063966,2021FA,2021RP,NULL
5022430,2021SU,2021RP,NULL
5080380,2021FA,2021PT,2021PT
5095785,2021FA,2021RP,NULL
5095785,2021SU,2021RP,NULL
5032731,2016SU,2016PT,2016PT
5022008,2010SU,2010PT,2010PT
5023284,2011SU,2011TP,2011TP
5093676,2018SU,2018PT,2018PT
5083237,2018SU,2018PT,2018FT
5075614,2020SU,2020HP,NULL
5007848,2020FA,2020HP,NULL
5046770,2020FA,2020HP,NULL
5018516,2017FA,2017PT,2017PT
5018516,2018FA,2018RP,NULL
5018516,2018SP,2018RF,NULL
5018516,2018SU,2018RP,NULL
5018516,2019SP,2019RP,NULL
5098114,2020FA,2020FT,2020FT
5082938,2019FA,2019RF,NULL
5011019,2017FA,2017FT,2017FT
5011019,2018FA,2018RF,NULL
5011019,2018SP,2018RP,NULL
5011019,2018SU,2018RF,NULL
5011019,2019SP,2019RP,NULL
5089908,2021FA,2021RF,NULL
5089908,2021SU,2021RP,NULL
5015547,2021FA,2021FT,2021FT
5014868,1998SU,1998PT,1998PT
5017903,2014SU,2014PT,2014FT
5042532,2019FA,2019RP,NULL
5078754,2020FA,2020HP,NULL
5071982,2020FA,2020HP,NULL
5090459,2020FA,2020HP,NULL
5008686,2020FA,2020HP,NULL
5074913,2020FA,2020HP,NULL
5098400,2020FA,2020HP,NULL
5025625,2020SU,2020HP,NULL
5034174,2020FA,2020HP,NULL
5077343,2020FA,2020HP,NULL
5011810,2021FA,2021HP,NULL
5026987,2021FA,2021HP,NULL
5004534,2021FA,2021HP,NULL
5088315,2021FA,2021PT,2021PT
5068591,2021SU,2021RP,NULL
5074925,2021FA,2021RP,NULL
5074925,2021SU,2021RP,NULL
5098400,2021FA,2021FT,2021FT
5025625,2021FA,2021RP,NULL
5093279,2021FA,2021HP,NULL
5088062,2021FA,2021HP,NULL
5003467,2021FA,2021HP,NULL
5051941,2021FA,2021HP,NULL
5011704,2021FA,2021RP,NULL
5011704,2021SU,2021RP,NULL
5026169,2021FA,2021RP,NULL
5026169,2021SU,2021RP,NULL
5045966,2021FA,2021FT,2021FT
5075533,2018SU,2018PT,2018FT
5081030,2019FA,2019RP,NULL
5081030,2019SU,2019RP,NULL
5079991,2020FA,2020HP,NULL
5065678,2021FA,2021HP,NULL
5026093,2021FA,2021RF,NULL
5092292,2021FA,2021RP,NULL
5045979,2021SU,2021RP,NULL
5017973,2020SP,2020PT,NULL
5042280,2020SP,2020PT,NULL
5007713,2021FA,2021TP,2021TP
5016093,2021FA,2021RF,NULL
5016093,2021SU,2021RP,NULL
5064168,2017SU,2017PT,2017FT
5061787,2018SU,2018TP,2018TP
5025706,2020FA,2020HP,NULL
5039409,2020FA,2020HF,NULL
5039409,2020SU,2020HP,NULL
5034371,2021FA,2021HP,NULL
5054605,2021FA,2021HP,NULL
5075531,2021SU,2021TP,NULL
5044934,2021FA,2021FT,2021FT
5005155,2019FA,2019FT,2019FT
5039555,2019FA,2019RF,NULL
5065062,2019FA,2019RP,NULL
5065062,2019SU,2019RP,NULL
5060511,2020FA,2020HP,NULL
5017241,2020FA,2020HP,NULL
5076144,2020FA,2020HP,NULL
5082024,2020FA,2020HP,NULL
5081305,2020FA,2020HP,NULL
5012285,2020FA,2020HP,NULL
5017850,2020FA,2020HP,NULL
5017850,2020SU,2020HP,NULL
5025424,2020FA,2020HP,NULL
5065426,2020SU,2020HP,NULL
5025614,2021FA,2021HP,NULL
5088023,2021FA,2021HP,NULL
5034746,2021FA,2021FT,2021FT
5081305,2021FA,2021FT,2021FT
5094864,2021FA,2021TF,2021TF
5087465,2021FA,2021FT,2021FT
5098211,2020FA,2020RP,NULL
5096500,2014SU,2014PT,2014FT
5070942,2018SU,2018PT,2018FT
5060701,2019FA,2019RF,NULL
5048427,2020FA,2020HP,NULL
5070129,2020SU,2020HP,NULL
5092003,2021FA,2021HP,NULL
5007094,2021FA,2021HP,NULL
5064513,2021FA,2021HP,NULL
5095060,2021FA,2021HP,NULL
5057640,2021FA,2021RF,NULL
5057640,2021SU,2021RP,NULL
5004879,2021FA,2021FT,2021FT
5052416,2021SU,2021RP,NULL
5097985,2021FA,2021FT,2021FT
5048427,2021FA,2021PT,2021PT
5061640,2021FA,2021FT,2021FT
5032146,2021FA,2021FT,2021FT
5016490,2021FA,2021RF,NULL
5016490,2021SU,2021RP,NULL
5058777,2021SU,2021RP,NULL
5005002,2021FA,2021RP,NULL
5070099,2019SP,2019RP,NULL
5068853,2017SP,2017TF,NULL
5080796,2017FA,2017FT,2017FT
5080796,2018FA,2018RF,NULL
5080796,2018SP,2018RF,NULL
5080796,2019SP,2019RF,NULL
5080796,2019FA,2019RP,NULL
5080796,2019SU,2019RP,NULL
5015759,2019FA,2019RP,NULL
5046822,2020FA,2020FT,2020FT
5093528,2020FA,2020RP,NULL
5061147,2007FA,2007PT,2007PT
5061147,2008FA,2008RF,NULL
5061147,2008SP,2008RF,NULL
5061147,2008SU,2008RP,NULL
5061147,2010SU,2010RF,NULL
5061147,2015FA,2015RP,NULL
5061147,2018FA,2018RP,NULL
5061147,2018SP,2018RP,NULL
5086129,2020FA,2020HP,NULL
5070648,2020FA,2020HP,NULL
5044005,2020FA,2020HP,NULL
5092810,2021FA,2021HP,NULL
5016165,2021FA,2021HF,NULL
5044723,2021FA,2021HP,NULL
5074176,2021FA,2021HP,NULL
5073419,2021SU,2021RP,NULL
5024035,2021FA,2021RP,NULL
5015784,2021FA,2021TF,2021TF
5035640,2021FA,2021RF,NULL
5035640,2021SU,2021RP,NULL
5075653,2021FA,2021RF,NULL
5075653,2021SU,2021RP,NULL
5054122,2021FA,2021RP,NULL
5046224,2019FA,2019RP,NULL
5066419,2019FA,2019RP,NULL
5057914,2021FA,2021RP,NULL
5098731,2014SU,2014TP,2014TP
5002564,2016SU,2016PT,2016FT
5084285,2018SU,2018TP,2018TF
5021454,2020FA,2020HP,NULL
5052049,2020FA,2020HP,NULL
5069302,2021FA,2021HP,NULL
5090033,2021FA,2021RP,NULL
5003700,2021FA,2021RF,NULL
5003700,2021SU,2021RP,NULL
5090540,2021FA,2021RF,NULL
5058659,2021FA,2021RP,NULL
5079515,2008FA,2008RP,NULL
5079515,2008SP,2008PT,NULL
5079515,2009FA,2009RP,NULL
5079515,2009SP,2009RP,NULL
5079515,2009SU,2009RP,NULL
5079515,2010FA,2010RP,NULL
5079515,2010SP,2010RP,NULL
5079515,2010SU,2010RP,NULL
5079515,2011FA,2011RP,NULL
5079515,2011SP,2011RP,NULL
5079515,2011SU,2011RP,NULL
5079515,2012FA,2012RP,NULL
5079515,2012SP,2012RP,NULL
5079515,2012SU,2012RP,NULL
5079515,2013FA,2013RP,NULL
5079515,2013SP,2013RP,NULL
5015759,2010SP,2010FT,NULL
5015759,2011FA,2011RF,NULL
5015759,2012SP,2012RF,NULL
5015759,2012SU,2012RP,NULL
5015759,2013SU,2013RP,NULL
5015759,2018FA,2018RF,NULL
5015759,2019SP,2019RP,NULL
5015759,2020SP,2020RP,NULL
5080688,2010FA,2010FT,2010FT
5080688,2016FA,2016RP,NULL
5080688,2017SP,2017RP,NULL
5080688,2018FA,2018RP,NULL
5080688,2019SP,2019RF,NULL
5080688,2020SP,2020RF,NULL
5067902,2013SP,2013FT,NULL
5067902,2013SU,2013RP,NULL
5067902,2017SP,2017RP,NULL
5067902,2017SU,2017RP,NULL
5067902,2019SP,2019RF,NULL
5067902,2020SP,2020RF,NULL
5056102,2013SU,2013PT,NULL
5061231,2014FA,2014FT,2014FT
5061231,2015SP,2015RP,NULL
5061231,2018FA,2018RF,NULL
5061231,2019SP,2019RP,NULL
5094972,2012FA,2012RF,NULL
5094972,2012SP,2012FT,NULL
5094972,2012SU,2012RP,NULL
5094972,2013SP,2013RF,NULL
5094972,2013SU,2013RP,NULL
5094972,2015FA,2015RF,NULL
5094972,2018FA,2018RF,NULL
5094972,2018SP,2018RF,NULL
5094972,2018SU,2018RP,NULL
5094972,2019SP,2019RF,NULL
5011415,2012FA,2012FT,2012FT
5011415,2013FA,2013RF,NULL
5011415,2013SP,2013RP,NULL
5011415,2014FA,2014RF,NULL
5011415,2014SP,2014RF,NULL
5011415,2015SP,2015RF,NULL
5022062,2020SP,2020RF,NULL
5073030,2018FA,2018TP,2018TP
5038872,2019FA,2019PT,2019PT
5044485,2019FA,2019FT,2019FT
5024997,2019SP,2019FT,NULL
5024997,2020SP,2020RP,NULL
5022182,2018FA,2018FT,2018FT
5022182,2019SP,2019RF,NULL
5022182,2020SP,2020RF,NULL
5046873,2019FA,2019FT,2019FT
5044485,2020SU,2020RF,NULL
5092424,2018FA,2018FT,2018FT
5092424,2019SP,2019RF,NULL
5092424,2020SP,2020RF,NULL
5024997,2019FA,2019RF,NULL
5024997,2019SU,2019RP,NULL
5022182,2019FA,2019RF,NULL
5077986,2018FA,2018FT,2018FT
5077986,2019SP,2019RF,NULL
5077986,2020SP,2020RF,NULL
5069953,2019SU,2019RP,NULL
5018269,2019FA,2019TP,2019TP
5080688,2019FA,2019RP,NULL
5067902,2019FA,2019RP,NULL
5023146,2018FA,2018TP,2018TP
5023146,2019SP,2019RF,NULL
5018269,2019SU,2019TP,2019TP
5081965,2019FA,2019HF,NULL
5074849,2018FA,2018RF,NULL
5074849,2018SP,2018FT,NULL
5074849,2019SP,2019RF,NULL
5074849,2020SP,2020RP,NULL
5018127,2020FA,2020TP,2020TP
5094972,2019FA,2019RP,NULL
5094972,2019SU,2019RP,NULL
5022062,2019FA,2019TP,2019TP
5073030,2019FA,2019RP,NULL
5048151,2018SU,2018PT,NULL
5048151,2019SP,2019RP,NULL
5044254,2018FA,2018PT,2018PT
5070860,2020FA,2020HP,NULL
5040676,2020FA,2020HP,NULL
5022062,2020FA,2020RP,NULL
5022062,2020SU,2020RP,NULL
5024997,2020FA,2020RP,NULL
5080178,2015FA,2015RP,NULL
5080178,2015SP,2015TP,NULL
5080178,2016FA,2016RP,NULL
5080178,2016SP,2016RP,NULL
5080178,2017FA,2017RP,NULL
5080178,2017SP,2017RP,NULL
5080178,2018FA,2018RP,NULL
5080178,2019SP,2019RP,NULL
5066650,2020FA,2020RP,NULL
5074849,2019FA,2019RF,NULL
5092514,2015FA,2015FT,2015FT
5092514,2017SP,2017RP,NULL
5092514,2019SP,2019RF,NULL
5023315,2016FA,2016PT,2016PT
5023315,2017FA,2017RP,NULL
5023315,2017SP,2017RP,NULL
5023315,2017SU,2017RP,NULL
5023315,2018FA,2018RP,NULL
5023315,2018SP,2018RP,NULL
5023315,2018SU,2018RP,NULL
5023315,2019SP,2019RP,NULL
5054523,2018FA,2018TP,2018TP
5054523,2019SP,2019RF,NULL
5080688,2020FA,2020RP,NULL
5080688,2020SU,2020RP,NULL
5039632,2018FA,2018TP,2018TP
5039632,2019SP,2019RP,NULL
5067902,2020SU,2020RP,NULL
5066650,2018FA,2018PT,2018PT
5066650,2019SP,2019RP,NULL
5066650,2020SP,2020RP,NULL
5056102,2020SU,2020RF,NULL
5057593,2018FA,2018TF,2018TF
5057593,2019SP,2019RF,NULL
5057593,2020SP,2020RF,NULL
5008711,2021FA,2021FT,2021FT
5067902,2021FA,2021RP,NULL
5067902,2021SU,2021RP,NULL
5092755,2021FA,2021PT,2021PT
5044485,2020SP,2020RF,NULL
5038872,2020SP,2020RF,NULL
5073030,2021FA,2021RP,NULL
5024997,2021FA,2021RP,NULL
5024997,2021SU,2021RP,NULL
5013150,2020SP,2020RF,NULL
5018127,2021SU,2021RF,NULL
5012524,2019FA,2019HP,NULL
5026145,2019SU,2019HP,NULL
5028625,2019SU,2019HP,NULL
5054263,2020SP,2020RP,NULL
5047875,2019FA,2019RP,NULL
5068853,2021FA,2021RP,NULL
5093528,2020SP,2020PT,NULL
5046203,2021FA,2021FT,2021FT
5081965,2021FA,2021PT,2021PT
5046822,2021FA,2021RF,NULL
5042353,2021FA,2021FT,2021FT
5045480,2011SU,2011TP,2011TP
5073030,2018SU,2018TP,2018TP
5069156,2020FA,2020HP,NULL
5047703,2020FA,2020HP,NULL
5052329,2020FA,2020HP,NULL
5084245,2020FA,2020HP,NULL
5084245,2020SU,2020HP,NULL
5008626,2021FA,2021HP,NULL
5051130,2021FA,2021HP,NULL
5011629,2021FA,2021HP,NULL
5032961,2021FA,2021HP,NULL
5098386,2021FA,2021HP,NULL
5016048,2021FA,2021PT,2021PT
5038872,2021FA,2021RP,NULL
5073697,2021FA,2021RP,NULL
5073697,2021SU,2021RP,NULL
5013150,2021FA,2021RF,NULL
5013150,2021SU,2021RP,NULL
5093200,2021FA,2021RP,NULL
5049805,2021FA,2021TP,2021TP
5074682,2021FA,2021RF,NULL
5074682,2021SU,2021RP,NULL
